symbol,entry_date,exit_date,entry_sig_date,exit_sig_date,position,period,entry_index,exit_index,return,industry,stock_id,trade_price@entry_date,trade_price@exit_date,adj_close@entry_date,pct_change@entry_date,pct_change@exit_date,turnover@entry_date,turnover@exit_date,volume@entry_date,volume@exit_date,類別@entry_sig_date,類別@exit_sig_date,mae,gmfe,bmfe,mdd,pdays
1815 富喬,2026-08-13,2026-08-18,2026-08-12,2026-08-17,0.08333333333333333,3.0,4746.0,4749.0,0.07225232335040999,電子零組件業,1815 富喬,91.5,98.5,146.45621098141683,0.016666666666666607,0.02072538860103612,368345328.0,6937837157.5,4025632.0,70434895.0,2,0,-0.017953032786885315,0.05414385245901632,0.0,-0.017953032786885315,2.0
3006 晶豪科,2026-08-13,2026-08-18,2026-08-12,2026-08-17,0.08333333333333333,3.0,4746.0,4749.0,-0.03011432968914185,半導體業,3006 晶豪科,285.5,278.0,669.4578197681064,0.04197080291970812,0.01831501831501825,1170646784.5,4398589948.0,4100339.0,15822266.0,2,0,-0.13176112084063052,0.0,0.0,-0.13176112084063052,0.0
3081 聯亞,2026-08-13,2026-08-18,2026-08-12,2026-08-17,0.08333333333333333,3.0,4746.0,4749.0,-0.0004411252530812648,通信網路業,3081 聯亞,2840.0,2850.0,5349.962041416333,0.04220183486238538,0.021505376344086002,5317530800.0,16036884450.0,1872370.0,5626977.0,3,0,-0.10605862676056355,0.029440360915492736,0.0,-0.10605862676056355,1.0
3167 大量,2026-08-13,2026-08-18,2026-08-12,2026-08-17,0.08333333333333333,3.0,4746.0,4749.0,0.08582454617489277,電機機械,3167 大量,699.0,762.0,1394.8032253360864,0.0401785714285714,0.08857142857142852,320587962.0,4467590760.0,458638.0,5862980.0,2,0,-0.03622339055793988,0.10105042918454954,0.0,-0.03622339055793988,2.0
3450 聯鈞,2026-08-13,2026-08-18,2026-08-12,2026-08-17,0.08333333333333333,3.0,4746.0,4749.0,0.06624957647857133,半導體業,3450 聯鈞,525.0,562.0,2328.6975128522995,0.03550295857988184,0.021818181818181737,1338741600.0,12600465434.0,2549984.0,22420757.0,2,0,-0.029032857142857305,0.1023332857142858,0.0033327142857142444,-0.032258064516129115,3.0
4971 IET-KY,2026-08-13,2026-08-18,2026-08-12,2026-08-17,0.08333333333333333,3.0,4746.0,4749.0,0.05004323542523381,半導體業,4971 IET-KY,535.0,564.0,643.3252123873198,0.06999999999999984,0.06818181818181812,392550365.0,3666675108.0,733739.0,6501197.0,2,0,-0.103229906542056,0.0387586915887852,0.0,-0.103229906542056,1.0
6217 中探針,2026-08-13,2026-08-18,2026-08-12,2026-08-17,0.08333333333333333,3.0,4746.0,4749.0,0.09876947709570305,電子零組件業,6217 中探針,160.0,176.5,292.02304288077784,0.03896103896103886,0.032163742690058506,149951040.0,891999406.5,937194.0,5053821.0,2,0,-0.019216093749999885,0.06824234375000016,0.06824234375000016,-0.08187134502923976,3.0
6451 訊芯-KY,2026-08-13,2026-08-18,2026-08-12,2026-08-17,0.08333333333333333,3.0,4746.0,4749.0,0.023236466417166923,半導體業,6451 訊芯-KY,458.0,470.5,598.2938989194711,0.015521064301552201,0.026172300981461172,584083278.0,3016421138.5,1275291.0,6411097.0,2,0,-0.081222652838428,0.0006161844978165298,0.0006161844978165298,-0.08178844056706647,1.0
6531 愛普*,2026-08-13,2026-08-18,2026-08-12,2026-08-17,0.08333333333333333,3.0,4746.0,4749.0,0.010766050009232808,半導體業,6531 愛普*,880.0,893.0,2266.796103655641,0.00227790432801811,0.02290950744559006,808458640.0,6752082839.0,918703.0,7561123.0,2,0,-0.019784005681818262,0.05858784090909097,0.05858784090909097,-0.0740343347639486,1.0
7610 聯友金屬-創,2026-08-13,2026-08-18,2026-08-12,2026-08-17,0.08333333333333333,3.0,4746.0,4749.0,-0.009095903124999971,綠能環保,7610 聯友金屬-創,1935.0,1925.0,2170.3619909502263,0.02110817941952514,0.04054054054054057,488871945.0,1530452000.0,252647.0,795040.0,3,0,-0.10120232558139541,0.0,0.0,-0.10120232558139541,0.0
8021 尖點,2026-08-13,2026-08-18,2026-08-12,2026-08-17,0.08333333333333333,3.0,4746.0,4749.0,-0.00848617010677677,其他電子業,8021 尖點,439.0,437.0,1138.2549593705853,0.02810304449648715,0.02102803738317771,451616860.0,4677442610.0,1028740.0,10703530.0,2,0,-0.06991808086560358,0.0,0.0,-0.06991808086560358,0.0
6426 統新,2026-08-14,2026-08-19,2026-08-13,2026-08-18,0.07692307692307691,3.0,4747.0,4750.0,-0.02173498599330348,通信網路業,6426 統新,224.0,220.0,290.82897339220796,0.0370370370370372,-0.09836065573770492,229968704.0,437999760.0,1026646.0,1990908.0,2,0,-0.02278582589285716,0.08876830357142862,0.0,-0.05327868852459028,3.0
7711 永擎,2026-08-17,2026-08-20,2026-08-14,2026-08-19,0.0625,3.0,4748.0,4751.0,0.025347287408088004,電腦及週邊設備業,7711 永擎,476.0,490.0,488.5714285714285,0.008474576271186418,0.0,234185812.0,921283790.0,491987.0,1880171.0,3,0,-0.04667153361344556,0.03312247899159648,0.03312247899159648,-0.07723577235772361,2.0
3026 禾伸堂,2026-08-18,2026-08-21,2026-08-17,2026-08-20,0.125,3.0,4749.0,4752.0,0.03749213534639684,電子零組件業,3026 禾伸堂,673.0,701.0,1777.5185579689698,-0.023222060957910018,-0.012676056338028152,889164235.0,9315004366.0,1321195.0,13288166.0,3,0,-0.05097106240713223,0.05447659732540866,0.05447659732540866,-0.09999999999999998,2.0
4979 華星光,2026-08-18,2026-08-21,2026-08-17,2026-08-20,0.125,3.0,4749.0,4752.0,0.03227171064772705,通信網路業,4979 華星光,550.0,570.0,891.6158584804681,0.00917431192660545,0.0,1144347600.0,10918391040.0,2080632.0,19155072.0,2,0,-0.04045600000000005,0.04859259090909074,0.0,-0.04045600000000005,2.0
4991 環宇-KY,2026-08-18,2026-08-21,2026-08-17,2026-08-20,0.125,3.0,4749.0,4752.0,0.02611357167002004,半導體業,4991 環宇-KY,497.0,512.0,827.8150527839041,0.018442622950819665,-0.015384615384615441,721003864.0,4563640320.0,1450712.0,8913360.0,2,0,-0.03265286720321936,0.04578068410462777,0.04578068410462777,-0.07500000000000007,1.0
6213 聯茂,2026-08-13,2026-08-21,2026-08-12,2026-08-20,0.08333333333333333,6.0,4746.0,4752.0,0.13409718855810193,電子零組件業,6213 聯茂,469.0,534.0,1430.3290488800478,0.010775862068965525,0.04705882352941182,3289746096.0,20749066086.0,7014384.0,38855929.0,3,0,-0.0004750000000000032,0.09329706823027695,0.0,-0.00819672131147553,6.0
3163 波若威,2026-08-17,2026-08-24,2026-08-14,2026-08-21,0.0625,5.0,4748.0,4753.0,0.10625310984308522,通信網路業,3163 波若威,705.0,783.0,1253.7275628312714,0.004273504273504258,0.0,833362170.0,4382477622.0,1182074.0,5597034.0,2,0,0.0,0.11011074468085114,0.039222446808510725,-0.0715197956577267,6.0
4931 新盛力,2026-08-17,2026-08-24,2026-08-14,2026-08-21,0.0625,5.0,4748.0,4753.0,-0.007678879901685476,電腦及週邊設備業,4931 新盛力,267.0,266.0,334.83695245148266,0.015209125475285301,-0.050000000000000044,465591396.0,2197779248.0,1743788.0,8262328.0,2,0,-0.056628089887640565,0.04819101123595493,0.04819101123595493,-0.09999999999999998,4.0
6716 應廣,2026-08-19,2026-08-24,2026-08-18,2026-08-21,0.11111111111111112,3.0,4750.0,4753.0,-0.04854767701492546,半導體業,6716 應廣,134.0,128.0,233.79053419451765,-0.025454545454545396,-0.03759398496240607,56571852.0,129191040.0,422178.0,1009305.0,2,0,-0.08625513059701506,0.018172854477611855,0.018172854477611855,-0.10256410256410264,1.0
7795 長廣,2026-08-20,2026-08-25,2026-08-19,2026-08-24,0.1,3.0,4751.0,4754.0,-0.003948349374999882,電子零組件業,7795 長廣,554.0,554.0,554.6348448687352,0.018382352941176405,-0.02464788732394363,151031480.0,887493042.0,272620.0,1601973.0,2,0,-0.005887590252707353,0.02478375451263548,0.02478375451263548,-0.029929577464788637,2.0
8033 雷虎,2026-08-20,2026-08-25,2026-08-19,2026-08-24,0.1,3.0,4751.0,4754.0,-0.04326617768914465,其他,8033 雷虎,190.0,182.5,198.16094247393758,0.027027027027026973,-0.013513513513513487,185564640.0,972665322.5,976656.0,5329673.0,2,0,-0.058342236842105155,0.0,0.0,-0.058342236842105155,0.0
3490 單井,2026-08-24,2026-08-27,2026-08-21,2026-08-26,0.2,3.0,4753.0,4756.0,-0.12194749962325757,光電業,3490 單井,57.4,50.6,114.93283957618404,0.06493506493506485,-0.05597014925373134,312087645.8,323676916.2,5437067.0,6396777.0,3,0,-0.13455762195121934,0.0,0.0,-0.13455762195121934,0.0
5475 德宏,2026-08-19,2026-08-27,2026-08-18,2026-08-26,0.11111111111111112,6.0,4750.0,4756.0,0.045132456597826165,電子零組件業,5475 德宏,172.5,181.0,102.47685606935502,-0.0547945205479452,0.0,435292020.0,2018143665.0,2523432.0,11149965.0,3,0,-0.07580152173913024,0.15307521739130459,0.04298260869565218,-0.1138888888888887,6.0
2455 全新,2026-08-26,2026-08-31,2026-08-25,2026-08-28,0.2,3.0,4755.0,4758.0,0.017446554815035986,通信網路業,2455 全新,419.0,428.0,1105.9868360301957,-0.0011918951132301459,-0.01382488479262678,1464998304.0,13848492120.0,3496416.0,32356290.0,2,0,0.0,0.1378840692124108,0.02099451073985681,0.0,4.0
3498 陽程,2026-08-21,2026-08-31,2026-08-20,2026-08-28,0.14285714285714288,6.0,4752.0,4758.0,0.025584179349730674,其他電子業,3498 陽程,185.5,191.0,244.26204532481057,0.010899182561308063,0.0079155672823219,307109348.0,286412522.0,1655576.0,1499542.0,3,0,-0.0031691374663072036,0.12076118598382779,0.03454878706199471,-0.06879606879606859,6.0
5321 美而快,2026-08-26,2026-08-31,2026-08-25,2026-08-28,0.2,3.0,4755.0,4758.0,0.0008518995436748167,數位雲端,5321 美而快,83.0,83.4,2.321093147495872,0.024691358024691468,-0.018823529411764683,48105804.0,163869324.0,579588.0,1964860.0,3,0,-0.023355692771084513,0.04408213855421694,0.0,-0.023355692771084513,3.0
4971 IET-KY,2026-08-27,2026-09-01,2026-08-26,2026-08-31,0.2,3.0,4756.0,4759.0,0.10431813438858684,半導體業,4971 IET-KY,552.0,612.0,738.3914887117618,0.0,0.020000000000000018,398561664.0,3376945008.0,722032.0,5517884.0,2,0,0.0,0.1950842391304346,0.02668600543478261,0.0,4.0
3234 光環,2026-08-28,2026-09-02,2026-08-27,2026-09-01,0.2,3.0,4757.0,4760.0,0.08313813373975387,通信網路業,3234 光環,183.0,199.0,187.61569010510053,0.01666666666666683,-0.0050000000000001155,414262407.0,1607663489.0,2263729.0,8078711.0,2,0,-0.008667827868852451,0.15245778688524592,0.0,-0.008667827868852451,3.0
2486 一詮,2026-08-31,2026-09-03,2026-08-28,2026-09-02,0.2,3.0,4758.0,4761.0,0.16652972159735602,光電業,2486 一詮,260.0,304.5,476.1636830268576,-0.003831417624520994,0.05729166666666674,629317780.0,10643269192.5,2420453.0,34953265.0,2,0,-0.0023971634615382875,0.10716615384615391,0.10716615384615391,-0.09895833333333326,3.0
4979 華星光,2026-09-01,2026-09-04,2026-08-31,2026-09-03,0.2,3.0,4759.0,4762.0,0.005864967379926034,通信網路業,4979 華星光,609.0,615.0,1013.19983918235,0.0,0.07517482517482499,1699928496.0,11700849165.0,2791344.0,19025771.0,2,0,-0.061201477832512285,0.03235012315270924,0.02414384236453193,-0.08333333333333326,2.0
3163 波若威,2026-09-02,2026-09-07,2026-09-01,2026-09-04,0.19999999999999998,3.0,4760.0,4763.0,0.04259612028037374,通信網路業,3163 波若威,749.0,784.0,1310.170959247959,-0.015768725361366642,0.011612903225806548,620963693.0,3744932016.0,829057.0,4776699.0,2,0,-0.0391748998664887,0.034221461949265564,0.02221114819759684,-0.0600522193211489,3.0
3362 先進光,2026-08-31,2026-09-07,2026-08-28,2026-09-04,0.2,5.0,4758.0,4763.0,0.006138249618670599,光電業,3362 先進光,197.5,199.5,232.37353465733028,-0.010025062656641492,-0.050000000000000044,370314277.5,1815671046.0,1875009.0,9101108.0,2,0,-0.03843164556962031,0.06278607594936703,0.06278607594936703,-0.09523809523809523,5.0
3441 聯一光電,2026-09-02,2026-09-07,2026-09-01,2026-09-04,0.19999999999999998,3.0,4760.0,4763.0,0.04847542171052632,光電業,3441 聯一光電,133.0,140.0,231.2744788216971,0.0,-0.020979020979020935,531366388.0,1935710560.0,3995236.0,13826504.0,2,0,-0.023020676691729358,0.07467725563909755,0.04837396616541345,-0.08391608391608385,2.0
5314 世紀*,2026-09-03,2026-09-08,2026-09-02,2026-09-07,0.14285714285714285,3.0,4761.0,4764.0,0.09492977068704356,其他,5314 世紀*,34.25,37.65,494.2360948566674,0.0014619883040936088,0.06960227272727271,151121377.75,384784280.09999996,4412303.0,10220034.0,2,0,-0.09532043795620448,0.12939029197080298,0.0,-0.09532043795620448,2.0
6226 光鼎,2026-09-03,2026-09-08,2026-09-02,2026-09-07,0.14285714285714285,3.0,4761.0,4764.0,-0.10326973903846137,光電業,6226 光鼎,35.1,31.6,33.77517332838918,0.027818448023426035,-0.024691358024691357,185499674.1,556224116.4,5284891.0,17602029.0,3,0,-0.15709572649572634,0.0,0.0,-0.15709572649572634,0.0
3406 玉晶光,2026-09-04,2026-09-09,2026-09-03,2026-09-08,0.09090909090909091,3.0,4762.0,4765.0,0.005816862886029783,光電業,3406 玉晶光,1020.0,1030.0,1594.7874476472994,0.029263370332996974,0.01980198019801982,2678755620.0,5737013480.0,2626231.0,5569916.0,3,0,-0.03281257352941169,0.08771838235294149,0.03382242647058842,-0.06445497630331765,2.0
6805 富世達,2026-09-04,2026-09-09,2026-09-03,2026-09-08,0.09090909090909091,3.0,4762.0,4765.0,0.005317247375000056,電子零組件業,6805 富世達,2150.0,2170.0,2248.6950643034575,0.026252983293555854,0.006960556844547439,1213182650.0,3420367020.0,564271.0,1576206.0,2,0,0.0,0.06693482558139552,0.022769767441860544,-0.04856512141280345,4.0
3008 大立光,2026-09-07,2026-09-10,2026-09-04,2026-09-09,0.1,3.0,4763.0,4766.0,-0.06147951639091853,光電業,3008 大立光,7185.0,6770.0,12958.659397084632,-0.029054054054054035,-0.01455604075691408,17832473055.0,11887862740.0,2481903.0,1755962.0,2,0,-0.09576722338204591,0.0,0.0,-0.09576722338204591,0.0
4939 亞電,2026-09-03,2026-09-10,2026-09-02,2026-09-09,0.14285714285714285,5.0,4761.0,4766.0,-0.03696663613604967,電子零組件業,4939 亞電,90.5,87.5,147.53363606999568,0.017997750281214753,-0.03528114663726567,514159641.0,1496376000.0,5681322.0,17101440.0,2,0,-0.09987527624309389,0.033762872928176924,0.0,-0.11965811965811957,2.0
3374 精材,2026-09-04,2026-09-11,2026-09-03,2026-09-10,0.09090909090909091,5.0,4762.0,4767.0,0.11937233117857149,半導體業,3374 精材,420.0,472.0,498.3619218432745,0.050000000000000044,-0.032786885245901565,2090290440.0,7305694352.0,4976882.0,15478166.0,2,0,0.0,0.16135285714285708,0.023323214285714267,-0.050204918032786705,6.0
8358 金居,2026-09-04,2026-09-11,2026-09-03,2026-09-10,0.09090909090909091,5.0,4762.0,4767.0,0.030219742590306575,電子零組件業,8358 金居,481.0,497.5,818.6351396533452,0.023404255319148914,-0.04510556621881001,2143320127.0,7312371912.5,4455967.0,14698235.0,2,0,0.0,0.0930356548856548,0.039007276507276645,-0.07794676806083645,6.0
3450 聯鈞,2026-09-07,2026-09-14,2026-09-04,2026-09-11,0.1,5.0,4763.0,4768.0,-0.1810984751572986,半導體業,3450 聯鈞,596.0,490.0,2584.9868026918316,0.02758620689655178,-0.04296875000000011,573864560.0,5835087580.0,962860.0,11908342.0,2,0,-0.14637881711409384,0.0,0.0,-0.14637881711409384,0.0
6933 AMAX-KY,2026-09-04,2026-09-14,2026-09-03,2026-09-11,0.09090909090909091,6.0,4762.0,4768.0,-0.018453955937499877,電腦及週邊設備業,6933 AMAX-KY,309.0,304.5,328.92465377239336,0.023178807947019875,-0.04843750000000013,295580748.0,602144487.0,956572.0,1977486.0,3,0,-0.01179648058252425,0.09333155339805832,0.09333155339805832,-0.09615384615384615,6.0
3324 雙鴻,2026-09-10,2026-09-15,2026-09-09,2026-09-14,0.16666666666666666,3.0,4766.0,4769.0,-0.037027555484317465,其他電子業,3324 雙鴻,1355.0,1310.0,2052.3637363875214,-0.02166064981949456,0.003831417624521105,1088418655.0,5648886370.0,803261.0,4312127.0,2,0,-0.07055239852398543,0.062225830258302306,0.062225830258302306,-0.125,2.0
6620 漢達,2026-09-11,2026-09-16,2026-09-10,2026-09-15,0.16666666666666669,3.0,4767.0,4770.0,-0.040241729357287426,生技醫療業,6620 漢達,123.5,119.0,126.46766169154228,-0.02371541501976271,-0.024590163934426257,167210602.0,352301523.0,1353932.0,2960517.0,2,0,-0.012614979757085032,0.08450485829959531,0.027851619433198582,-0.03937007874015763,3.0
8021 尖點,2026-09-11,2026-09-16,2026-09-10,2026-09-15,0.16666666666666669,3.0,4767.0,4770.0,0.003000848187499905,其他電子業,8021 尖點,430.0,433.0,1110.3955722531234,-0.018264840182648512,0.0034762456546928444,479876130.0,3605401346.0,1115991.0,8326562.0,2,0,-0.02720648255813951,0.028580959302325626,0.0,-0.02720648255813951,3.0
4979 華星光,2026-09-15,2026-09-18,2026-09-14,2026-09-17,0.2,3.0,4769.0,4772.0,0.06221006284363462,通信網路業,4979 華星光,542.0,578.0,859.5311969063603,-0.009140767824497242,0.03956834532374098,1005482086.0,5787239450.0,1855133.0,10012525.0,2,0,-0.06133168819188195,0.12677080258302587,0.0,-0.06133168819188195,3.0
6538 倉和,2026-09-10,2026-09-18,2026-09-09,2026-09-17,0.16666666666666666,6.0,4766.0,4772.0,0.03878167705713742,電子零組件業,6538 倉和,338.0,352.5,622.5740066699115,-0.03151862464183386,-0.0014164305949008194,265550714.0,854908732.5,785653.0,2425273.0,3,0,0.0,0.1473837278106509,0.0010035872781066768,-0.07227332457293045,7.0
7772 耀穎,2026-09-15,2026-09-18,2026-09-14,2026-09-17,0.2,3.0,4769.0,4772.0,0.16996543089285776,半導體業,7772 耀穎,126.0,148.0,131.625,0.0,0.013698630136986356,15277878.0,259961852.0,121253.0,1756499.0,2,0,0.0,0.23354077380952432,0.03125595238095258,0.0,4.0
3055 蔚華科,2026-09-16,2026-09-21,2026-09-15,2026-09-18,0.2,3.0,4770.0,4773.0,0.03935824413043454,電子通路業,3055 蔚華科,161.0,168.0,414.7379678548232,0.022222222222222365,-0.01754385964912286,256574269.0,708642648.0,1593629.0,4218111.0,2,0,-0.0004750000000001142,0.16714720496894397,0.0181496894409936,-0.018292682926829174,3.0
8996 高力,2026-09-17,2026-09-22,2026-09-16,2026-09-21,0.16666666666666666,3.0,4771.0,4774.0,0.13834474357142823,電機機械,8996 高力,1330.0,1520.0,2960.2542500803047,0.023076923076922995,0.009966777408637828,1809538150.0,8786919360.0,1360555.0,5780868.0,2,0,-0.023020676691729358,0.2437698308270675,0.0,-0.023020676691729358,3.0
3467 台灣精材,2026-09-22,2026-09-29,2026-09-21,2026-09-24,0.2,3.0,4774.0,4777.0,0.005025088918918952,半導體業,3467 台灣精材,77.7,78.4,86.67336683417084,0.003875968992248069,-0.03803680981595092,101591895.3,124763016.00000001,1307489.0,1591365.0,2,0,-0.040353088803088855,0.11272731660231661,0.11272731660231661,-0.1375722543352602,3.0
8227 巨有科技,2026-09-17,2026-09-29,2026-09-16,2026-09-24,0.16666666666666666,6.0,4771.0,4777.0,0.1419932844162093,半導體業,8227 巨有科技,273.0,313.0,267.57413709285373,0.003676470588235281,0.021207177814029254,882182574.0,790961642.0,3231438.0,2527034.0,3,0,-0.055393956043955916,0.23384587912087973,0.0,-0.055393956043955916,6.0
8358 金居,2026-09-22,2026-09-29,2026-09-21,2026-09-24,0.2,3.0,4774.0,4777.0,-0.005936476422155668,電子零組件業,8358 金居,501.0,500.0,804.7183422792383,0.019328585961342792,-0.021526418786692703,1105259607.0,6921494000.0,2206107.0,13842988.0,2,0,-0.01942806886227544,0.019475598802395133,0.0,-0.025440313111546042,1.0
6221 晉泰,2026-09-23,2026-09-30,2026-09-22,2026-09-29,0.14285714285714288,3.0,4775.0,4778.0,0.003956822455357223,資訊服務業,6221 晉泰,31.5,31.75,297.2809425117638,0.03109656301145658,-0.03348554033485551,37610338.5,71752364.75,1193979.0,2259917.0,2,0,-0.016340476190476183,0.04236178571428595,0.04236178571428595,-0.05631659056316607,3.0
2305 全友,2026-09-22,2026-10-01,2026-09-21,2026-09-30,0.2,5.0,4774.0,4779.0,0.13116822236195658,電腦及週邊設備業,2305 全友,57.5,65.3,60.0,-0.022108843537414935,-0.04949053857350805,391975717.5,613656031.6999999,6816969.0,9397489.0,3,0,0.0,0.20116830434782607,0.04298260869565218,-0.1041968162083935,6.0
3441 聯一光電,2026-09-22,2026-10-01,2026-09-21,2026-09-30,0.2,5.0,4774.0,4779.0,0.07267100836538454,光電業,3441 聯一光電,175.5,189.0,300.07656391919124,-0.011267605633802691,0.024390243902439046,382911867.0,1187533872.0,2181834.0,6283248.0,2,0,0.0,0.15329807692307695,0.030849145299145286,-0.019337016574585753,6.0
5314 世紀*,2026-09-24,2026-10-01,2026-09-23,2026-09-30,0.11111111111111112,3.0,4776.0,4779.0,0.11817292579741334,其他,5314 世紀*,26.1,29.3,421.58896507080743,0.0038461538461540545,0.015597920277296229,210820531.5,2388376432.2000003,8077415.0,81514554.0,2,0,0.0,0.17185689655172376,0.011013793103448188,0.0,4.0
6226 光鼎,2026-09-23,2026-10-02,2026-09-22,2026-10-01,0.14285714285714288,5.0,4775.0,4780.0,0.09939475786423846,光電業,6226 光鼎,45.3,50.0,45.068746910069315,0.02488687782805421,0.04166666666666652,159575818.5,1996540900.0,3522645.0,39930818.0,2,0,-0.05784288079470179,0.05909933774834464,0.0,-0.05784288079470179,3.0
6715 嘉基,2026-09-29,2026-10-02,2026-09-24,2026-10-01,0.09090909090909091,3.0,4777.0,4780.0,-0.04184161869225522,電子零組件業,6715 嘉基,460.0,442.5,523.3565833898062,-0.01814300960512294,-0.023178807947019875,159200480.0,846539227.5,346088.0,1913083.0,2,0,-0.0395868478260869,0.0,0.0,-0.0395868478260869,0.0
6945 圓祥生技,2026-09-29,2026-10-02,2026-09-24,2026-10-01,0.09090909090909091,3.0,4777.0,4780.0,0.017783686638636276,生技醫療業,6945 圓祥生技,137.5,140.5,140.0,-0.0036231884057971175,-0.0174825174825175,44921662.5,88757784.0,326703.0,631728.0,2,0,-0.011378909090909217,0.07948699999999986,0.07948699999999986,-0.08417508417508412,3.0
8021 尖點,2026-09-29,2026-10-02,2026-09-24,2026-10-01,0.09090909090909091,3.0,4777.0,4780.0,0.05365716143927468,其他電子業,8021 尖點,475.5,503.0,1273.5719825125432,-0.009375000000000133,0.0,359348188.5,4635689246.0,755727.0,9216082.0,2,0,0.0,0.16243391167192467,0.008984227129337663,0.0,4.0
2468 華經,2026-09-24,2026-10-05,2026-09-23,2026-10-02,0.11111111111111112,5.0,4776.0,4781.0,-0.06499667634879036,資訊服務業,2468 華經,46.5,43.65,108.47199945009281,0.02310231023102305,-0.037486218302094865,83499864.0,199431044.54999998,1795696.0,4568867.0,2,0,-0.10795080645161292,0.0,0.0,-0.10795080645161292,0.0
6168 宏齊,2026-09-30,2026-10-05,2026-09-29,2026-10-02,0.07692307692307693,3.0,4778.0,4781.0,0.008890125176557406,光電業,6168 宏齊,46.55,47.15,120.4948847591302,0.02986725663716805,0.02499999999999991,297846544.09999996,1499777517.45,6398422.0,31808643.0,2,0,-0.02838869495166485,0.011334640171858368,0.0,-0.02838869495166485,2.0
7772 耀穎,2026-09-30,2026-10-05,2026-09-29,2026-10-02,0.07692307692307693,3.0,4778.0,4781.0,0.05138785343749985,半導體業,7772 耀穎,180.0,190.0,178.2,0.022727272727272707,0.021505376344086002,18222480.0,316198000.0,101236.0,1664200.0,2,0,-0.06988645833333329,0.032842499999999886,0.032842499999999886,-0.09946236559139776,2.0
2455 全新,2026-09-29,2026-10-06,2026-09-24,2026-10-05,0.09090909090909091,5.0,4777.0,4782.0,0.09327216164364627,通信網路業,2455 全新,543.0,596.0,1403.1561961784962,-0.019855595667869874,-0.01650165016501648,556690116.0,9589333656.0,1025212.0,16089486.0,2,0,-0.0004750000000000032,0.11549198895027613,0.0,-0.06435643564356441,5.0
3374 精材,2026-10-01,2026-10-06,2026-09-30,2026-10-05,0.07142857142857142,3.0,4779.0,4782.0,0.12682429622128022,半導體業,3374 精材,457.0,517.0,528.4954333965889,0.005500550055005382,0.03711133400200595,321470252.0,11542143393.0,703436.0,22325229.0,2,0,-0.0026621444201311295,0.09029149343544862,0.0,-0.02206619859578729,3.0
3443 創意,2026-10-01,2026-10-06,2026-09-30,2026-10-05,0.07142857142857142,3.0,4779.0,4782.0,0.07533934420708932,半導體業,3443 創意,8040.0,8680.0,13781.592047936709,0.0,0.009302325581395321,5775300840.0,16920644440.0,718321.0,1949383.0,2,0,-0.01787966417910447,0.06914365671641787,0.0,-0.026162790697674465,2.0
4542 科嶠,2026-10-01,2026-10-06,2026-09-30,2026-10-05,0.07142857142857142,3.0,4779.0,4782.0,0.012023324323068518,電子零組件業,4542 科嶠,343.0,348.5,561.7453576006043,-0.0029069767441860517,-0.026536312849162025,147343196.0,464382523.0,429572.0,1332518.0,3,0,-0.04418600583090382,0.04323600583090381,0.0,-0.05586592178770944,1.0
4979 華星光,2026-10-01,2026-10-06,2026-09-30,2026-10-05,0.07142857142857142,3.0,4779.0,4782.0,0.06595001207236839,通信網路業,4979 華星光,570.0,610.0,940.5871840409483,0.0017574692442881013,0.02006688963210701,629420220.0,6919122640.0,1104246.0,11342824.0,2,0,-0.02327118421052632,0.04862447368421052,0.0,-0.050167224080267525,2.0
6218 豪勉,2026-09-29,2026-10-06,2026-09-24,2026-10-05,0.09090909090909091,5.0,4777.0,4782.0,-0.09756799604391364,通信網路業,6218 豪勉,64.9,58.8,201.81329418320018,0.020440251572327206,-0.0423452768729643,94057623.00000001,300394852.8,1449270.0,5108756.0,2,0,-0.12984341294298907,0.0,0.0,-0.12984341294298907,0.0
6526 達發,2026-10-02,2026-10-07,2026-10-01,2026-10-06,0.08333333333333333,3.0,4780.0,4783.0,-0.009891378316676747,半導體業,6526 達發,838.0,833.0,876.1201784367962,0.010856453558504287,-0.0106888361045131,366816902.0,1909237666.0,437729.0,2292002.0,2,0,-0.062498031026252954,0.004296002386634745,0.004296002386634745,-0.06650831353919229,2.0
7792 安葆,2026-10-02,2026-10-07,2026-10-01,2026-10-06,0.08333333333333333,3.0,4780.0,4783.0,0.021591436538461517,其他電子業,7792 安葆,429.0,440.0,438.51888667992046,0.019002375296912177,-0.025470653377630215,136555419.0,908615840.0,318311.0,2065036.0,2,0,-0.052897639860139956,0.05194763986013973,0.05194763986013973,-0.09966777408637872,2.0
2030 彰源,2026-10-06,,2026-10-05,2026-10-07,0.125,2.0,4782.0,-1.0,-0.024368027888446164,鋼鐵工業,2030 彰源,37.65,37.4,117.12555917289193,0.020325203252032464,0.00402684563758382,170981338.04999998,248695563.6,4541337.0,6649614.0,2,2,-0.024368027888446164,0.0,0.0,-0.024368027888446164,0.0
2221 大甲,2026-09-30,,2026-09-29,2026-10-07,0.07692307692307693,6.0,4778.0,-1.0,0.06410105337078664,其他,2221 大甲,178.0,187.5,445.0365051773169,-0.011111111111111072,0.008064516129032251,525135778.0,122972812.5,2950201.0,655855.0,3,2,0.0,0.10902352528089887,0.10902352528089887,-0.09367088607594931,6.0
3016 嘉晶,2026-10-05,,2026-10-02,2026-10-07,0.08333333333333334,3.0,4781.0,-1.0,0.04788911290322595,半導體業,3016 嘉晶,186.0,188.5,260.6227474180722,0.030470914127423976,0.0026595744680850686,983166240.0,756534571.0,5285840.0,4013446.0,3,2,-0.02465705645161298,0.04788911290322595,0.0,-0.02465705645161298,2.0
3055 蔚華科,2026-10-05,,2026-10-02,2026-10-07,0.08333333333333334,3.0,4781.0,-1.0,0.008570475113121923,電子通路業,3055 蔚華科,221.0,218.0,547.5046953693245,0.02314814814814814,0.02107728337236514,200026658.0,268506676.0,905098.0,1231682.0,2,2,-0.03439553167420828,0.008570475113121923,0.0,-0.03439553167420828,1.0
3167 大量,2026-10-07,,2026-10-06,2026-10-07,0.11111111111111112,1.0,4783.0,-1.0,-0.0004750000000000032,電機機械,3167 大量,1025.0,1025.0,2121.177011824167,0.00490196078431393,0.00490196078431393,1605309900.0,1605309900.0,1566156.0,1566156.0,2,2,-0.0004750000000000032,0.0,0.0,-0.0004750000000000032,0.0
3219 倚強科,2026-10-05,,2026-10-02,2026-10-07,0.08333333333333334,3.0,4781.0,-1.0,0.007273255813953439,其他電子業,3219 倚強科,129.0,145.5,38.020982830913304,0.0038910505836577958,0.03558718861209975,134399295.0,270550411.5,1041855.0,1859453.0,2,0,-0.008223255813953556,0.08862994186046502,0.0,-0.07473309608540923,2.0
4174 浩鼎,2026-10-07,,2026-10-06,2026-10-07,0.11111111111111112,1.0,4783.0,-1.0,0.02510339566929143,生技醫療業,4174 浩鼎,50.8,50.8,26.05,0.0,0.0,117843249.19999999,117843249.19999999,2319749.0,2319749.0,3,3,0.0,0.02510339566929143,0.02510339566929143,0.0,1.0
8227 巨有科技,2026-10-06,,2026-10-05,2026-10-07,0.125,2.0,4782.0,-1.0,0.015910655737705115,半導體業,8227 巨有科技,366.0,373.0,383.73035164479023,0.0,0.008108108108108247,242927376.0,143450578.0,663736.0,384586.0,2,2,0.0,0.015910655737705115,0.010448770491803261,0.0,2.0
8996 高力,2026-10-07,,2026-10-06,2026-10-07,0.11111111111111112,1.0,4783.0,-1.0,-0.009506852409638555,電機機械,8996 高力,1660.0,1660.0,3745.8601856785394,0.03750000000000009,0.03750000000000009,1815366040.0,1815366040.0,1093594.0,1093594.0,2,2,-0.009506852409638555,0.0,0.0,-0.009506852409638555,0.0
