horizon,layer,n,mean_raw,median_raw,mean_net,mean_net_slip,win_rate_net,p5,p95
1,all,44203,-0.007231732477610813,-0.0074906367041198685,-0.011656732477610813,-0.016656732477610812,0.33509037848109857,-0.08298439064774954,0.06686515928328407
1,tradable,43755,-0.007312109725231121,-0.007894736842105177,-0.011737109725231122,-0.016737109725231118,0.33815563935550225,-0.08311352459016387,0.0670035714285714
1,not_tradable,448,0.0006185051778056118,0.0,-0.0038064948221943873,-0.008806494822194389,0.03571428571428571,-0.004425,-0.004425
3,all,44136,-0.005170395006970854,-0.01188589726986966,-0.00959539500697086,-0.014595395006970859,0.394915715062534,-0.13640469543147205,0.14971817042606506
3,tradable,43704,-0.005819192971700172,-0.01224489795918371,-0.010244192971700178,-0.015244192971700177,0.39257276221856124,-0.13611785396542964,0.14604349385982582
3,not_tradable,432,0.0604663324248118,0.048255948255948256,0.0560413324248118,0.05104133242481179,0.6319444444444444,-0.15216764025180532,0.20460731534090904
5,all,44061,-0.0031659140192309768,-0.014925373134328401,-0.007590914019230982,-0.012590914019230983,0.4009214498082204,-0.16242500000000004,0.1941812717770034
5,tradable,43634,-0.003969317864110675,-0.015228426395939076,-0.008394317864110679,-0.013394317864110682,0.3988632717605537,-0.16187982660863093,0.19098750948129994
5,not_tradable,427,0.07893179878517358,0.043835616438356206,0.07450679878517358,0.06950679878517359,0.6112412177985949,-0.2010390089418778,0.4553775387870239
10,all,43862,0.0038003828444644083,-0.01768192125334983,-0.000624617155535599,-0.0056246171555356,0.4169896493547946,-0.20151967849895505,0.28223760162601597
10,tradable,43443,0.0029417956124409344,-0.018005540166204925,-0.001483204387559073,-0.006483204387559074,0.41541790392007916,-0.20144950703087117,0.27975634125407445
10,not_tradable,419,0.0928209201255999,0.03689064558629762,0.08839592012559991,0.08339592012559992,0.5799522673031027,-0.22917949658193404,0.6138636164264089
