condition,n,mean,net_mean
因連續3個營業日達本中心作業要點第四條第一項第一款,1507.0,0.03914668486148868,0.034721684861488675
連續三次,880.0,0.032578112318047685,0.02815311231804768
最近十個營業日已有六次,190.0,0.03402830957680399,0.029603309576803977
最近10個營業日內有6個營業日,182.0,0.028392425089945,0.023967425089944993
連續五次,132.0,0.044639056530048106,0.040214056530048094
連續5個營業日,122.0,0.07597048742684745,0.07154548742684745
連續3個營業日及沖銷標準,86.0,0.0390501270790839,0.034625127079083905
連續三次及當日沖銷標準,75.0,0.009676554975082598,0.005251554975082589
連續5個營業日及沖銷標準,44.0,0.05649538521794268,0.052070385217942675
連續五次及當日沖銷標準,30.0,0.006591982864625897,0.002166982864625897
