year,n,mean,net_mean,win_net
2018,248.0,0.017347565133652317,0.012922565133652308,0.5040322580645161
2019,118.0,0.014023967165717603,0.0095989671657176,0.4406779661016949
2020,551.0,0.05007027047653865,0.04564527047653864,0.588021778584392
2021,462.0,0.04568928506661868,0.04126428506661867,0.5541125541125541
2022,192.0,0.00802667399167946,0.0036016739916794505,0.421875
2023,274.0,0.031762996701251135,0.027337996701251133,0.5656934306569343
2024,419.0,0.024661656115842527,0.02023665611584252,0.522673031026253
2025,326.0,0.030670123123457856,0.026245123123457854,0.558282208588957
2026,701.0,0.05348761270447819,0.049062612704478197,0.5805991440798859
