industry,n,mean_net,win
營建,35,0.10801097327405759,0.6285714285714286
服務,51,0.06480126155130304,0.5294117647058824
電器電纜,47,0.05532684508032613,0.6382978723404256
機械電子,202,0.05319227959265412,0.6039603960396039
貿易,193,0.05175665156585339,0.6062176165803109
金屬化工,200,0.04772076949916948,0.585
電子,1560,0.047404621061502346,0.583974358974359
鋼鐵車輛,40,0.04586961710067326,0.55
休閒,41,0.02929764677882818,0.4634146341463415
生化機械,161,0.026008376776321465,0.5341614906832298
食品,48,0.019306458937626312,0.5
其他,149,0.01683573452349828,0.5100671140939598
紡織,52,0.01205413790807073,0.5
