yr,base_mean,tier_mean,n,improvement
2018,0.023521189743523387,0.02165239600127425,212,-0.0018687937422491377
2019,0.02021485666476011,0.024536587042390045,105,0.004321730377629934
2020,0.06519166881100669,0.06386034966865826,451,-0.0013313191423484222
2021,0.059678189877034396,0.0605643319343838,397,0.0008861420573494025
2022,0.01003866609143948,0.01541572895097522,168,0.005377062859535741
2023,0.03194076425596076,0.03185784174140163,250,-8.292251455913058e-05
2024,0.03027118621162261,0.03426497407128295,358,0.003993787859660338
2025,0.031704230811782454,0.03596794808547744,286,0.0042637172736949835
2026,0.06013312566118844,0.06424880683843276,615,0.004115681177244319
