condition,n,mean_net,median_net,win,p5
連續5個營業日,114,0.08115402560762724,0.0625536324786324,0.7192982456140351,-0.1597583333333334
連續3個營業日及沖銷標準,70,0.06611607991299585,0.0375832198942075,0.6,-0.17019203481484313
連續5個營業日及沖銷標準,42,0.058534358895725835,0.0495181917173538,0.6190476190476191,-0.09760543025676612
因連續3個營業日達本中心作業要點第四條第一項第一款,1286,0.04552687061747732,0.02431522547373465,0.5723172628304821,-0.19532766106442573
連續三次,753,0.043515727872442296,0.0175749999999999,0.5657370517928287,-0.19546704702627926
連續五次,118,0.042749759442560896,0.0100180591273587,0.5508474576271186,-0.15798974687341372
最近10個營業日內有6個營業日,163,0.034086538123651054,0.0217720802919707,0.5828220858895705,-0.1865122080565674
最近十個營業日已有六次,172,0.03119070502692547,0.0084292639361053,0.5523255813953488,-0.15297780528052804
連續三次及當日沖銷標準,56,0.025979368142821636,0.0112706989329911,0.5357142857142857,-0.20831034533359424
