wording,horizon,layer,quintile,n,mean_net_ret,median_net_ret,win_rate,p5,p95,mean_margin
收盤價,1,all,1,136,-0.014960407245906797,-0.01388284871884085,0.33088235294117646,-0.09376608527131783,0.06322417461759802,0.011563088235294143
收盤價,1,all,2,135,-0.0073188765202228745,-0.0113454152249134,0.362962962962963,-0.0794249999999999,0.07720180517528316,0.05666666666666666
收盤價,1,all,3,134,-0.018850164249843857,-0.02490067834016715,0.27611940298507465,-0.08935326825127328,0.06340771873952389,0.09015089552238804
收盤價,1,all,4,135,-0.019254379888658316,-0.0164490480961923,0.3333333333333333,-0.1051516194230961,0.05242815860215044,0.13175777777777778
收盤價,1,all,5,135,-0.02114472369869667,-0.004425,0.3037037037037037,-0.11933830066686749,0.06929311359492674,0.19934888888888888
收盤價,1,tradable,1,136,-0.014960407245906797,-0.01388284871884085,0.33088235294117646,-0.09376608527131783,0.06322417461759802,0.011563088235294143
收盤價,1,tradable,2,135,-0.0073188765202228745,-0.0113454152249134,0.362962962962963,-0.0794249999999999,0.07720180517528316,0.05666666666666666
收盤價,1,tradable,3,131,-0.019180511522741046,-0.0258535714285714,0.2824427480916031,-0.08936982173174865,0.0635434880992289,0.09010748091603053
收盤價,1,tradable,4,133,-0.019477378082472727,-0.0165871621621622,0.3383458646616541,-0.10582301044681769,0.053458064516128875,0.13147624060150376
收盤價,1,tradable,5,128,-0.02205908358846914,-0.00786916557171965,0.3203125,-0.11946039049091399,0.07178347967259452,0.1975003125
收盤價,3,all,1,136,-0.006659104118741973,-0.01156300712951955,0.4117647058823529,-0.1284928238508518,0.13405021232470854,0.011563088235294143
收盤價,3,all,2,135,-0.010595391899529275,-0.0109439048239895,0.42962962962962964,-0.12750639986032433,0.13206704381620177,0.05666666666666666
收盤價,3,all,3,134,-0.0208831907332123,-0.031093559219471448,0.3283582089552239,-0.13948230451182358,0.1489987621079727,0.09015089552238804
收盤價,3,all,4,135,-0.02779609375771437,-0.0358386125654449,0.3333333333333333,-0.1788329814159906,0.1904064948116292,0.13175777777777778
收盤價,3,all,5,135,-0.01763154728893464,-0.0356306737588652,0.34814814814814815,-0.18140348644219434,0.20451954382826465,0.19934888888888888
收盤價,3,tradable,1,136,-0.006659104118741973,-0.01156300712951955,0.4117647058823529,-0.1284928238508518,0.13405021232470854,0.011563088235294143
收盤價,3,tradable,2,135,-0.010595391899529275,-0.0109439048239895,0.42962962962962964,-0.12750639986032433,0.13206704381620177,0.05666666666666666
收盤價,3,tradable,3,131,-0.02243376758773933,-0.0358535714285714,0.32061068702290074,-0.1395258269258668,0.14976791471923057,0.09010748091603053
收盤價,3,tradable,4,133,-0.031246664111375343,-0.039535533159948,0.3233082706766917,-0.17902107516815757,0.13706829269169377,0.13147624060150376
收盤價,3,tradable,5,128,-0.022424106257946365,-0.037503942251604055,0.328125,-0.18211022312059455,0.2043237175102598,0.1975003125
收盤價,5,all,1,135,0.004786471233933,-0.0075597962382445,0.4888888888888889,-0.15798950002467696,0.21188955399061013,0.011561481481481506
收盤價,5,all,2,135,-0.012859441389945945,-0.0225245475113122,0.42962962962962964,-0.16181111690691294,0.19171197705802967,0.05666666666666666
收盤價,5,all,3,134,-0.015248140924227377,-0.023484386695413348,0.417910447761194,-0.17441777130206926,0.1779212966783576,0.09015089552238804
收盤價,5,all,4,135,-0.01950588061437609,-0.0329060126582278,0.35555555555555557,-0.20505480337359017,0.2095240838618744,0.13175777777777778
收盤價,5,all,5,135,-0.01945114589300026,-0.0426241814461117,0.35555555555555557,-0.22123035589600357,0.23556455067920573,0.19934888888888888
收盤價,5,tradable,1,135,0.004786471233933,-0.0075597962382445,0.4888888888888889,-0.15798950002467696,0.21188955399061013,0.011561481481481506
收盤價,5,tradable,2,135,-0.012859441389945945,-0.0225245475113122,0.42962962962962964,-0.16181111690691294,0.19171197705802967,0.05666666666666666
收盤價,5,tradable,3,131,-0.016055043756928348,-0.029425,0.4198473282442748,-0.17464276452516495,0.17918857540746846,0.09010748091603053
收盤價,5,tradable,4,133,-0.02620723182783222,-0.0333058664259928,0.3458646616541353,-0.20540779934790562,0.18341126555723997,0.13147624060150376
收盤價,5,tradable,5,128,-0.024978509052349766,-0.043031777581372097,0.34375,-0.2215926181870456,0.20000911131059226,0.1975003125
收盤價,10,all,1,130,0.006899991194784744,-0.015628537170263752,0.46153846153846156,-0.18197849276274383,0.30877634536003656,0.011789230769230795
收盤價,10,all,2,134,-0.003295903348255785,-0.012454775102945799,0.47761194029850745,-0.1824027202648799,0.2560574300178677,0.05663522388059701
收盤價,10,all,3,133,0.014502812375524428,0.0037717213114753,0.5112781954887218,-0.19407961847389557,0.2793723984876639,0.09028
收盤價,10,all,4,131,0.01959739102345818,-0.0055448208286673,0.46564885496183206,-0.22081735245220285,0.42023624661246617,0.13195099236641225
收盤價,10,all,5,135,-0.0024608525732330013,-0.0383616515837103,0.4222222222222222,-0.220533415749207,0.29944465376782065,0.19934888888888888
收盤價,10,tradable,1,130,0.006899991194784744,-0.015628537170263752,0.46153846153846156,-0.18197849276274383,0.30877634536003656,0.011789230769230795
收盤價,10,tradable,2,134,-0.003295903348255785,-0.012454775102945799,0.47761194029850745,-0.1824027202648799,0.2560574300178677,0.05663522388059701
收盤價,10,tradable,3,130,0.012011618942847772,-0.00108275401069525,0.5,-0.19416596385542167,0.2805469426710576,0.09023923076923075
收盤價,10,tradable,4,129,0.013171361269301862,-0.0077253300330033,0.4573643410852713,-0.22142915627597673,0.3867984224546653,0.13166372093023254
收盤價,10,tradable,5,128,-0.007213837056536346,-0.039434562905257195,0.421875,-0.22084830658704988,0.28510279995872845,0.1975003125
最後成交價,1,all,1,190,-0.016909168585368884,-0.02096911764705875,0.32105263157894737,-0.07933243597655043,0.051916196635168235,0.028974736842105216
最後成交價,1,all,2,189,-0.012532687616150522,-0.009469136191677,0.3439153439153439,-0.08536510467144791,0.07259759789546313,0.07062285714285708
最後成交價,1,all,3,188,-0.008212049587590323,-0.008861696140820299,0.3829787234042553,-0.09736002546130898,0.08432509804690566,0.10418265957446805
最後成交價,1,all,4,189,-0.016505703825544064,-0.0180304421768707,0.3333333333333333,-0.11497352320675103,0.0786242701215134,0.14329216931216926
最後成交價,1,all,5,189,-0.01805524996366242,-0.007135027100271,0.2751322751322751,-0.10593127615062756,0.07502927728613558,0.20298793650793645
最後成交價,1,tradable,1,189,-0.01697522238740787,-0.0214704545454545,0.32275132275132273,-0.07964869639000308,0.052050947768430944,0.02901386243386239
最後成交價,1,tradable,2,189,-0.012532687616150522,-0.009469136191677,0.3439153439153439,-0.08536510467144791,0.07259759789546313,0.07062285714285708
最後成交價,1,tradable,3,185,-0.00827346120252422,-0.0095444539249147,0.3891891891891892,-0.0977860062037131,0.08493102792375865,0.10397891891891889
最後成交價,1,tradable,4,186,-0.016700553887246384,-0.0193976326801292,0.3387096774193548,-0.11518449367088605,0.07894932529447735,0.14318430107526878
最後成交價,1,tradable,5,178,-0.018897568781641564,-0.0133981208755834,0.29213483146067415,-0.10696429661879449,0.07562278332511937,0.20233224719101117
最後成交價,3,all,1,190,-0.006894068765689226,-0.01194389385091035,0.4631578947368421,-0.13890580986780676,0.1441539964192867,0.028974736842105216
最後成交價,3,all,2,189,-0.012002039996200135,-0.0218668604651163,0.42328042328042326,-0.15517243543789572,0.14593741481445788,0.07062285714285708
最後成交價,3,all,3,188,-0.011087974943267697,-0.02135598856696815,0.39893617021276595,-0.14244937319111575,0.19241430093776635,0.10418265957446805
最後成交價,3,all,4,189,-0.014475135764908439,-0.0229926392572945,0.41798941798941797,-0.18524843188726162,0.17572845268542195,0.14329216931216926
最後成交價,3,all,5,188,-0.006033489615870686,-0.023689451518190602,0.42021276595744683,-0.18584283919991237,0.20417590702947827,0.20298851063829787
最後成交價,3,tradable,1,189,-0.006070910521002429,-0.0097066901408451,0.4656084656084656,-0.13820930210258373,0.14446203585618284,0.02901386243386239
最後成交價,3,tradable,2,189,-0.012002039996200135,-0.0218668604651163,0.42328042328042326,-0.15517243543789572,0.14593741481445788,0.07062285714285708
最後成交價,3,tradable,3,185,-0.011583544355482468,-0.0217352529960053,0.4,-0.1431895930213652,0.19502939045183246,0.10397891891891889
最後成交價,3,tradable,4,186,-0.01438571781818707,-0.0251094710944453,0.41397849462365593,-0.18562146311135663,0.17664916879795395,0.14318430107526878
最後成交價,3,tradable,5,177,-0.012743080770670915,-0.0283349859353022,0.3954802259887006,-0.1890058311313957,0.20387026257803878,0.20232915254237283
最後成交價,5,all,1,190,0.0072738073850488645,-0.004425,0.4789473684210526,-0.14912644356955376,0.20708312269075121,0.028974736842105216
最後成交價,5,all,2,189,-0.007685370832799452,-0.0262999999999999,0.4021164021164021,-0.19321384436505257,0.19601591710758368,0.07062285714285708
最後成交價,5,all,3,188,-0.007633537248508787,-0.02085297841427975,0.4148936170212766,-0.17117972196539427,0.22745555908513362,0.10418265957446805
最後成交價,5,all,4,187,-0.011045262299952889,-0.0180768771331058,0.43315508021390375,-0.1995352098395345,0.22508688589540402,0.1434099465240641
最後成交價,5,all,5,188,-0.0007789462167003033,-0.02693961988304085,0.425531914893617,-0.21158663194017358,0.2865812893081763,0.20291563829787232
最後成交價,5,tradable,1,189,0.008420260561223079,-0.004425,0.48148148148148145,-0.14767896825396826,0.20712270981174122,0.02901386243386239
最後成交價,5,tradable,2,189,-0.007685370832799452,-0.0262999999999999,0.4021164021164021,-0.19321384436505257,0.19601591710758368,0.07062285714285708
最後成交價,5,tradable,3,185,-0.007093616804923296,-0.0210916666666667,0.41621621621621624,-0.16770545635695863,0.23481261118170177,0.10397891891891889
最後成交價,5,tradable,4,184,-0.013233432384259152,-0.0234010114572144,0.42391304347826086,-0.19968899979847343,0.21939114423611225,0.14330282608695646
最後成交價,5,tradable,5,177,-0.004767982040413523,-0.0272320175438596,0.423728813559322,-0.20987800238616514,0.25719543805735895,0.20225175141242935
最後成交價,10,all,1,188,0.031012968873120324,0.0058197552447552,0.526595744680851,-0.18442163998716177,0.33788032612537133,0.028867234042553144
最後成交價,10,all,2,188,-0.000385207159923065,-0.022441561004010797,0.4308510638297872,-0.22201819816873766,0.3034105551032869,0.07067946808510632
最後成交價,10,all,3,186,0.004636846755948326,-0.01697401960784305,0.44623655913978494,-0.23675615826975943,0.2960973815352335,0.10420365591397845
最後成交價,10,all,4,186,0.03154080328558877,-0.011056982686108649,0.478494623655914,-0.2075888237221994,0.452210848493886,0.14320473118279567
最後成交價,10,all,5,185,0.035186593622681374,0.0018801702395964,0.5027027027027027,-0.23984000872600342,0.35927458435517484,0.20249081081081077
最後成交價,10,tradable,1,187,0.03215008670203594,0.0060645104895104,0.5294117647058824,-0.18335917246407996,0.3378829440292157,0.0289062032085561
最後成交價,10,tradable,2,188,-0.000385207159923065,-0.022441561004010797,0.4308510638297872,-0.22201819816873766,0.3034105551032869,0.07067946808510632
最後成交價,10,tradable,3,183,0.0070238720126227,-0.0161897058823528,0.453551912568306,-0.2350638975884747,0.2971793014513028,0.10399803278688519
最後成交價,10,tradable,4,183,0.031088031370082737,-0.0110111690450054,0.4808743169398907,-0.20761245141080173,0.4525150536832686,0.14309366120218575
最後成交價,10,tradable,5,174,0.03317916907401147,-0.0036897058823529,0.4885057471264368,-0.2410351959448913,0.3652611016056857,0.2017886206896551
