wording,year,horizon,n,q5_mean,q1_mean,spread
收盤價,2018,3,64,0.014424455662352533,-0.009434107481133856,0.02385856314348639
收盤價,2018,5,64,0.033333645629857474,0.006415524335065083,0.02691812129479239
收盤價,2020,3,133,-0.05363720723319414,-0.0008722145830499845,-0.05276499265014415
收盤價,2020,5,133,-0.062125443639111565,0.01621111603817299,-0.07833655967728456
收盤價,2021,3,164,-0.039145652288276295,-0.0017092891833392658,-0.03743636310493703
收盤價,2021,5,164,-0.026878662683056248,0.009152199361053178,-0.03603086204410943
收盤價,2022,3,73,-0.05334769796853922,-0.05482526487511062,0.0014775669065714009
收盤價,2022,5,73,-0.027823651341301724,-0.04148019636264204,0.013656545021340314
收盤價,2023,3,77,-0.06683491292082593,-0.012343786853203177,-0.05449112606762275
收盤價,2023,5,77,-0.060453968923284265,0.006718828885934902,-0.06717279780921917
收盤價,2024,3,144,-0.023760849298787693,-0.014606602356877729,-0.009154246941909965
收盤價,2024,5,144,-0.03436218604748845,-0.01124917958763657,-0.023113006459851877
收盤價,2025,3,104,-0.0490347479151204,0.015118147658909956,-0.06415289557403035
收盤價,2025,5,104,-0.04706182621525777,0.025661935148781376,-0.07272376136403914
收盤價,2026,3,338,-0.0031067729995670045,-0.004560035554233025,0.0014532625546660209
收盤價,2026,5,337,-0.007941879042177347,0.01853659248703889,-0.026478471529216237
最後成交價,2018,3,113,-0.08132287879445224,-0.05903332749874813,-0.02228955129570411
最後成交價,2018,5,112,-0.08696404015562628,-0.07737360487703666,-0.009590435278589618
最後成交價,2019,3,80,-0.006937055184181213,0.016859427808469378,-0.02379648299265059
最後成交價,2019,5,80,0.010182114575692288,0.0335378840142535,-0.02335576943856121
最後成交價,2020,3,257,-0.06993357083094184,-0.017130035921679734,-0.05280353490926211
最後成交價,2020,5,259,-0.06805530985771616,-0.016735771421432587,-0.05131953843628357
最後成交價,2021,3,256,0.004719096736504871,-0.017989253189114443,0.022708349925619313
最後成交價,2021,5,256,-0.009836385020531122,-0.000924294911252734,-0.008912090109278388
最後成交價,2022,3,102,-0.026901318808443375,-0.006938609505085768,-0.01996270930335761
最後成交價,2022,5,100,-0.030267602231643608,-0.017041246005231173,-0.013226356226412436
最後成交價,2023,3,169,-0.006690702481774381,-0.00845127446840979,0.0017605719866354095
最後成交價,2023,5,168,0.006891570186186827,0.014331696115961572,-0.007440125929774745
最後成交價,2024,3,213,-0.005936514997242953,-0.011136391753191612,0.0051998767559486595
最後成交價,2024,5,213,0.005824032039351263,0.006703791024852182,-0.0008797589855009183
最後成交價,2025,3,196,-0.03779845932170119,-0.009353311305156837,-0.028445148016544356
最後成交價,2025,5,196,-0.02426007608946324,-0.0010729296132874961,-0.023187146476175743
最後成交價,2026,3,348,-0.011581388825847526,0.006482740786421044,-0.018064129612268567
最後成交價,2026,5,347,-0.008893836226721583,0.025033377895177258,-0.03392721412189884
