horizon,quintile,n,mean_net,median_net,win_rate
3,1,119,-0.011997097469470393,-0.0231165887850467,0.3865546218487395
3,2,118,-0.004403378065491106,-0.0055717889908257,0.4576271186440678
3,3,119,-0.010746464480072198,-0.0237486714975845,0.40336134453781514
3,4,118,-0.03131093911445393,-0.0385986502266795,0.3305084745762712
3,5,119,-0.04704446639011467,-0.0613870253164556,0.3025210084033613
5,1,119,-0.0016338344339128022,-0.0109185064935064,0.46218487394957986
5,2,118,0.0012274615583212636,-0.012235496806286,0.4661016949152542
5,3,118,-0.007562150667918877,-0.034541121248680445,0.423728813559322
5,4,118,-0.018966553796740934,-0.03804982041572205,0.3559322033898305
5,5,119,-0.049621675706021544,-0.0710916666666666,0.29411764705882354
