symbol,announce,start,end,duration,condition,seg1_during,seg2_gap,seg3_exit_day,total,day1_to_end,day1_to_exit,day1_to_exit_open,day2_to_end,day2_to_exit,day2_to_exit_open,day3_to_end,day3_to_exit,day3_to_exit_open,day4_to_end,day4_to_exit,day4_to_exit_open,day5_to_end,day5_to_exit,day5_to_exit_open,day6_to_end,day6_to_exit,day6_to_exit_open,day7_to_end,day7_to_exit,day7_to_exit_open
1815,2026-08-10,2026-08-11,2026-08-17,5,連續3個營業日,0.08548931383577041,0.020725388601036343,-0.03248730964467006,0.07199100112485923,0.08548931383577041,0.07199100112485923,0.10798650168728896,0.08062709966405368,0.06718924972004481,0.10302351623740202,0.05464480874316946,0.041530054644808745,0.07650273224043724,0.06629834254143652,0.053038674033149213,0.08839779005524862,0.037634408602150504,0.02473118279569886,0.05913978494623651,,,,,,
2221,2026-09-23,2026-09-24,2026-10-06,7,連續3個營業日及沖銷標準,0.17721518987341778,0.008064516129032251,0.010666666666666602,0.1993670886075949,0.17721518987341778,0.1993670886075949,0.18670886075949378,0.10059171597633143,0.12130177514792906,0.10946745562130178,0.04494382022471921,0.06460674157303381,0.05337078651685401,-0.023622047244094446,-0.005249343832021025,-0.015748031496062964,0.0219780219780219,0.041208791208791284,0.030219780219780112,-0.015873015873015928,0.002645502645502562,-0.007936507936507908,-0.002680965147453085,0.01608579088471851,0.00536193029490617
2305,2026-09-17,2026-09-18,2026-09-30,7,連續五次及當日沖銷標準,0.19064124783362213,-0.04949053857350805,-0.052067381316998396,0.07279029462738285,0.19064124783362213,0.07279029462738285,0.1317157712305026,0.1624365482233503,0.04737732656514382,0.10490693739424706,0.19478260869565212,0.0765217391304347,0.1356521739130434,0.12071778140293654,0.00978792822185981,0.06525285481239806,0.08530805687203791,-0.02211690363349128,0.03159557661927326,0.11345218800648293,0.0032414910858995505,0.05834683954619124,-0.018571428571428572,-0.11571428571428577,-0.06714285714285717
2455,2026-08-21,2026-08-24,2026-08-28,5,連續五次,0.08094645080946461,-0.01382488479262678,0.11448598130841114,0.1880448318804484,0.08094645080946461,0.1880448318804484,0.06600249066002495,0.13761467889908263,0.25032765399737866,0.1218872870249017,0.03579952267303099,0.13842482100238662,0.021479713603818507,0.011655011655011593,0.11188811188811187,-0.002331002331002363,-0.0091324200913242,0.08904109589041087,-0.022831050228310557,,,,,,
2455,2026-09-04,2026-09-07,2026-09-15,7,連續五次及當日沖銷標準,-0.00952380952380949,-0.009615384615384581,0.0,-0.01904761904761909,-0.00952380952380949,-0.01904761904761909,-0.01904761904761909,-0.015151515151515138,-0.024621212121212155,-0.024621212121212155,-0.02985074626865669,-0.03917910447761197,-0.03917910447761197,-0.024390243902439046,-0.0337711069418386,-0.0337711069418386,0.011673151750972721,0.0019455252918287869,0.0019455252918287869,0.046277665995975825,0.03621730382293764,0.03621730382293764,-0.015151515151515138,-0.024621212121212155,-0.024621212121212155
2455,2026-09-22,2026-09-23,2026-10-05,7,連續五次及當日沖銷標準,0.12014787430683915,-0.01650165016501648,-0.04865771812080533,0.04805914972273562,0.12014787430683915,0.04805914972273562,0.1016635859519408,0.10786106032906773,0.03656307129798897,0.08957952468007302,0.11602209944751385,0.04419889502762442,0.09760589318600377,0.11397058823529416,0.04227941176470584,0.09558823529411775,0.09782608695652173,0.02717391304347827,0.07971014492753614,0.08407871198568873,0.014311270125223707,0.06618962432915931,0.027118644067796627,-0.03898305084745768,0.01016949152542379
2468,2026-09-21,2026-09-22,2026-10-02,7,連續五次及當日沖銷標準,-0.036131774707757636,-0.037486218302094865,-0.049255441008018264,-0.11795961742826777,-0.036131774707757636,-0.11795961742826777,-0.07226354941551538,-0.04021164021164014,-0.12169312169312174,-0.07619047619047625,-0.02473118279569886,-0.10752688172043012,-0.06129032258064515,-0.03201707577374602,-0.11419423692636077,-0.06830309498399156,-0.02051835853131745,-0.10367170626349886,-0.057235421166306644,-0.003296703296703285,-0.08791208791208793,-0.04065934065934074,0.017957351290684764,-0.06846240179573504,-0.02020202020202022
2486,2026-08-26,2026-08-27,2026-09-02,5,連續五次,0.10769230769230775,0.05729166666666674,-0.14778325123152714,-0.0019230769230769162,0.10769230769230775,-0.0019230769230769162,0.1711538461538462,0.0992366412213741,-0.009541984732824416,0.1622137404580153,0.10769230769230775,-0.0019230769230769162,0.1711538461538462,0.08270676691729317,-0.024436090225563922,0.14473684210526305,0.05882352941176472,-0.045955882352941124,0.11948529411764697,,,,,,
2491,2026-08-10,2026-08-11,2026-08-17,5,連續三次,0.05586592178770955,0.058201058201058364,-0.019999999999999907,0.09497206703910632,0.05586592178770955,0.09497206703910632,0.1173184357541901,0.0862068965517242,0.12643678160919558,0.149425287356322,0.06779661016949157,0.10734463276836181,0.12994350282485878,0.07539118065433859,0.11522048364153648,0.13798008534850648,0.029972752043596618,0.0681198910081744,0.08991825613079008,,,,,,
3006,2026-08-10,2026-08-11,2026-08-17,5,連續三次,-0.0036496350364964014,0.01831501831501825,-0.1079136690647482,-0.0948905109489051,-0.0036496350364964014,-0.0948905109489051,0.014598540145985384,-0.00907441016333943,-0.09981851179673318,0.00907441016333932,-0.04378283712784592,-0.13134851138353765,-0.02626970227670755,-0.03191489361702127,-0.12056737588652477,-0.014184397163120588,-0.0036496350364964014,-0.0948905109489051,0.014598540145985384,,,,,,
3008,2026-09-02,2026-09-03,2026-09-09,5,連續三次,-0.11583011583011582,-0.01455604075691408,-0.00738552437223039,-0.1351351351351351,-0.11583011583011582,-0.1351351351351351,-0.1287001287001287,-0.04649548924358082,-0.06731436502428867,-0.06037473976405272,-0.04384133611691021,-0.06471816283924847,-0.05775922059846905,0.06842923794712297,0.04510108864696738,0.05287713841368591,0.03153153153153143,0.009009009009008917,0.016516516516516422,,,,,,
3026,2026-08-13,2026-08-14,2026-08-20,5,連續三次,0.021582733812949728,-0.012676056338028152,-0.0884450784593438,-0.08057553956834529,0.021582733812949728,-0.08057553956834529,0.008633093525179936,0.09737248840803714,-0.012364760432766575,0.08346213292117466,0.054977711738484425,-0.050520059435364084,0.0416047548291234,0.09907120743034059,-0.010835913312693513,0.08513931888544901,-0.0056022408963585235,-0.10504201680672265,-0.018207282913165312,,,,,,
3055,2026-09-11,2026-09-14,2026-09-18,5,最近十個營業日已有六次,0.14381270903010024,-0.01754385964912286,0.11904761904761907,0.2575250836120402,0.14381270903010024,0.2575250836120402,0.12374581939799323,0.06211180124223592,0.16770186335403725,0.04347826086956519,0.06211180124223592,0.16770186335403725,0.04347826086956519,0.017857142857142794,0.11904761904761907,0.0,0.030120481927710774,0.1325301204819278,0.012048192771084265,,,,,,
3081,2026-08-10,2026-08-11,2026-08-17,5,連續3個營業日,0.15289256198347112,0.021505376344086002,0.026315789473684292,0.20867768595041314,0.15289256198347112,0.20867768595041314,0.1776859504132231,0.08984375,0.142578125,0.11328125,-0.017605633802816878,0.029929577464788748,0.0035211267605634866,0.03333333333333344,0.08333333333333326,0.05555555555555558,0.04494382022471921,0.09550561797752799,0.0674157303370786,,,,,,
3163,2026-08-12,2026-08-13,2026-08-21,7,連續5個營業日,0.05810810810810807,0.0,-0.0715197956577267,-0.01756756756756761,0.05810810810810807,-0.01756756756756761,0.05810810810810807,0.09052924791086348,0.012534818941504211,0.09052924791086348,0.11063829787234036,0.031205673758865293,0.11063829787234036,0.06821282401091411,-0.008185538881309684,0.06821282401091411,0.15999999999999992,0.07703703703703701,0.15999999999999992,0.07260273972602738,-0.004109589041095929,0.07260273972602738,0.06675749318801083,-0.009536784741144388,0.06675749318801083
3163,2026-08-28,2026-08-31,2026-09-04,5,連續5個營業日,0.06019151846785231,0.011612903225806548,-0.04081632653061229,0.028727770177838563,0.06019151846785231,0.028727770177838563,0.0725034199726402,0.03887399463806962,0.008042895442359255,0.05093833780160861,0.03471295060080104,0.004005340453938633,0.04672897196261672,-0.005134788189987138,-0.03465982028241332,0.006418485237484006,0.04729729729729737,0.016216216216216273,0.05945945945945952,,,,,,
3167,2026-08-10,2026-08-11,2026-08-17,5,連續三次,0.07692307692307687,0.08857142857142852,0.01049868766404205,0.18461538461538463,0.07692307692307687,0.18461538461538463,0.17230769230769227,0.09034267912772576,0.19937694704049846,0.1869158878504673,0.0014306151645206988,0.10157367668097272,0.09012875536480691,0.007194244604316502,0.1079136690647482,0.09640287769784162,0.02941176470588225,0.13235294117647056,0.12058823529411766,,,,,,
3234,2026-08-25,2026-08-26,2026-09-01,5,最近10個營業日內有6個營業日,0.11420612813370479,-0.0050000000000000044,0.06030150753768848,0.1754874651810585,0.11420612813370479,0.1754874651810585,0.10863509749303613,0.11731843575418988,0.17877094972067042,0.1117318435754191,0.09289617486338808,0.15300546448087426,0.08743169398907114,0.11111111111111116,0.17222222222222228,0.10555555555555562,0.08108108108108114,0.14054054054054044,0.07567567567567557,,,,,,
3324,2026-09-02,2026-09-03,2026-09-09,5,連續3個營業日,-0.03484320557491294,-0.02166064981949456,0.0627306273062731,0.0034843205574912606,-0.03484320557491294,0.0034843205574912606,-0.05574912891986061,-0.05460750853242324,-0.017064846416382284,-0.07508532423208192,-0.07973421926910296,-0.04318936877076407,-0.09966777408637872,-0.028070175438596467,0.010526315789473717,-0.0491228070175439,0.0072727272727273196,0.047272727272727355,-0.014545454545454528,,,,,,
3324,2026-09-07,2026-09-08,2026-09-14,5,連續3個營業日,-0.08421052631578951,0.003831417624521105,-0.03816793893129766,-0.11578947368421055,-0.08421052631578951,-0.11578947368421055,-0.08070175438596494,-0.050909090909090904,-0.08363636363636362,-0.047272727272727244,-0.03690036900369009,-0.07011070110701112,-0.03321033210332103,-0.06785714285714284,-0.09999999999999998,-0.06428571428571428,-0.022471910112359605,-0.0561797752808989,-0.01872659176029967,,,,,,
3362,2026-08-26,2026-08-27,2026-09-04,7,連續5個營業日及沖銷標準,0.03960396039603964,-0.050000000000000044,-0.04761904761904767,-0.05940594059405946,0.03960396039603964,-0.05940594059405946,-0.012376237623762387,0.01449275362318847,-0.08212560386473433,-0.036231884057971064,0.06329113924050622,-0.03797468354430378,0.010126582278481067,0.03703703703703698,-0.06172839506172845,-0.014814814814814836,0.03703703703703698,-0.06172839506172845,-0.014814814814814836,-0.0117647058823529,-0.10588235294117643,-0.06117647058823528,0.03703703703703698,-0.06172839506172845,-0.014814814814814836
3374,2026-09-01,2026-09-02,2026-09-10,7,連續3個營業日及沖銷標準,0.16746411483253598,-0.032786885245901676,-0.018008474576271194,0.10885167464114831,0.16746411483253598,0.10885167464114831,0.1291866028708133,0.161904761904762,0.10357142857142865,0.12380952380952381,0.161904761904762,0.10357142857142865,0.12380952380952381,0.08928571428571419,0.03459821428571419,0.0535714285714286,0.029535864978903037,-0.022151898734177222,-0.00421940928270037,0.03609341825902335,-0.015923566878980888,0.002123142250530785,0.01455301455301461,-0.03638253638253641,-0.018711018711018657
3374,2026-09-24,2026-09-29,2026-10-05,5,最近10個營業日內有6個營業日,0.1342434584755403,0.03711133400200595,-0.05705996131528046,0.10921501706484649,0.1342434584755403,0.10921501706484649,0.17633674630261664,0.07900432900432897,0.05519480519480524,0.11904761904761907,0.0908096280087527,0.06673960612691476,0.1312910284463895,0.0908096280087527,0.06673960612691476,0.1312910284463895,0.04179728317659359,0.018808777429467183,0.08045977011494254,,,,,,
3406,2026-09-01,2026-09-02,2026-09-08,5,連續三次,0.04123711340206193,0.01980198019801982,0.07766990291262132,0.14432989690721643,0.04123711340206193,0.14432989690721643,0.061855670103092786,-0.047169811320754707,0.04716981132075482,-0.028301886792452824,-0.009803921568627416,0.08823529411764697,0.009803921568627416,-0.028846153846153855,0.06730769230769229,-0.009615384615384581,0.023302938196555267,0.12462006079027366,0.0435663627152989,,,,,,
3441,2026-08-28,2026-08-31,2026-09-04,5,連續3個營業日,0.1215686274509804,-0.020979020979020935,-0.06428571428571428,0.027450980392156765,0.1215686274509804,0.027450980392156765,0.0980392156862746,0.04379562043795615,-0.04379562043795615,0.021897810218978186,0.07518796992481214,-0.015037593984962405,0.05263157894736836,0.007042253521126751,-0.07746478873239437,-0.014084507042253502,0.0671641791044777,-0.02238805970149249,0.04477611940298498,,,,,,
3441,2026-09-17,2026-09-18,2026-09-30,7,連續5個營業日及沖銷標準,-0.002702702702702675,0.024390243902439046,0.0714285714285714,0.09459459459459452,-0.002702702702702675,0.09459459459459452,0.021621621621621623,-0.02894736842105261,0.06578947368421062,-0.0052631578947368585,0.05128205128205132,0.15384615384615374,0.07692307692307687,0.02216066481994461,0.12188365650969524,0.047091412742382266,0.048295454545454586,0.15056818181818188,0.07386363636363646,0.03943661971830981,0.14084507042253525,0.06478873239436611,0.0,0.09756097560975618,0.024390243902439046
3443,2026-09-24,2026-09-29,2026-10-05,5,連續三次,0.022592152199762294,0.009302325581395321,-0.03513824884792627,-0.004161712247324645,0.022592152199762294,-0.004161712247324645,0.03210463733650415,0.06304079110012362,0.035228677379480766,0.07292954264524099,0.06965174129353224,0.04166666666666674,0.07960199004975133,0.0892970234325523,0.06079797340088655,0.09943001899936665,0.05521472392638027,0.027607361963190247,0.06503067484662584,,,,,,
3450,2026-08-10,2026-08-11,2026-08-17,5,連續三次,0.10000000000000009,0.021818181818181737,0.030249110320284656,0.15799999999999992,0.10000000000000009,0.15799999999999992,0.12400000000000011,0.1351909184726523,0.195046439628483,0.15995872033023728,0.04761904761904767,0.10285714285714276,0.07047619047619058,0.06589147286821695,0.12209302325581395,0.08914728682170536,0.07843137254901955,0.1352941176470588,0.10196078431372557,,,,,,
3450,2026-09-02,2026-09-03,2026-09-11,7,連續五次及當日沖銷標準,-0.14381270903010035,-0.04296875,0.038775510204081653,-0.1488294314381271,-0.14381270903010035,-0.1488294314381271,-0.1806020066889632,-0.10801393728222997,-0.11324041811846686,-0.14634146341463417,-0.14093959731543626,-0.1459731543624161,-0.1778523489932886,-0.12478632478632479,-0.1299145299145299,-0.16239316239316237,-0.048327137546468446,-0.05390334572490707,-0.08921933085501854,-0.007751937984496138,-0.013565891472868241,-0.050387596899224785,0.013861386138613874,0.007920792079207928,-0.02970297029702973
3467,2026-09-17,2026-09-18,2026-09-24,5,連續3個營業日,0.07236842105263164,-0.03803680981595081,-0.04846938775510223,-0.018421052631579005,0.07236842105263164,-0.018421052631579005,0.03157894736842115,0.044871794871794934,-0.04358974358974366,0.00512820512820511,0.04890604890604888,-0.039897039897039965,0.009009009009009139,-0.0822072072072072,-0.15990990990990994,-0.11711711711711703,-0.05342624854819966,-0.13356562137049943,-0.08943089430894291,,,,,,
3490,2026-08-19,2026-08-20,2026-08-26,5,連續3個營業日,0.128421052631579,-0.05597014925373134,0.06719367588932812,0.13684210526315788,0.128421052631579,0.13684210526315788,0.06526315789473691,0.06986027944111783,0.07784431137724557,0.009980039920159722,-0.0662020905923344,-0.059233449477351874,-0.11846689895470375,0.05304518664047153,0.06090373280943018,-0.005893909626718985,0.015151515151515138,0.022727272727272707,-0.04166666666666663,,,,,,
3498,2026-08-18,2026-08-19,2026-08-25,5,連續3個營業日,0.17647058823529416,-0.022499999999999964,0.04092071611253201,0.19705882352941173,0.17647058823529416,0.19705882352941173,0.1499999999999999,0.04986876640419946,0.06824146981627299,0.026246719160105014,0.07816711590296488,0.09703504043126676,0.0539083557951483,0.04712041884816753,0.0654450261780104,0.023560209424083878,0.07816711590296488,0.09703504043126676,0.0539083557951483,,,,,,
3498,2026-08-21,2026-08-24,2026-08-28,5,連續3個營業日,-0.007853403141361293,0.0079155672823219,0.08900523560209428,0.08900523560209428,-0.007853403141361293,0.08900523560209428,0.0,0.02156334231805923,0.12129380053908356,0.029649595687331498,-0.03069053708439895,0.0639386189258313,-0.023017902813299185,-0.08894230769230771,0.0,-0.08173076923076927,-0.05249999999999999,0.040000000000000036,-0.04500000000000004,,,,,,
3625,2026-08-24,2026-08-25,2026-08-31,5,連續3個營業日,0.12227074235807867,-0.06614785992217898,0.06666666666666665,0.11790393013100453,0.12227074235807867,0.11790393013100453,0.048034934497816595,0.03629032258064502,0.032258064516129004,-0.032258064516129115,0.032128514056224855,0.028112449799196915,-0.036144578313252906,0.09361702127659566,0.08936170212765959,0.02127659574468077,0.06639004149377592,0.06224066390041494,-0.004149377593361092,,,,,,
3629,2026-09-01,2026-09-02,2026-09-08,5,連續3個營業日,0.06750000000000012,-0.060889929742388826,0.0,0.0024999999999999467,0.06750000000000012,0.0024999999999999467,0.0024999999999999467,0.13262599469496017,0.06366047745358094,0.06366047745358094,0.08101265822784809,0.0151898734177216,0.0151898734177216,0.07828282828282829,0.012626262626262541,0.012626262626262541,0.0,-0.060889929742388826,-0.060889929742388826,,,,,,
3664,2026-09-03,2026-09-04,2026-09-10,5,連續3個營業日,-0.09112709832134291,-0.06992084432717682,0.0,-0.1546762589928058,-0.09112709832134291,-0.1546762589928058,-0.1546762589928058,-0.06419753086419744,-0.12962962962962965,-0.12962962962962965,0.11470588235294121,0.03676470588235303,0.03676470588235303,0.1661538461538461,0.08461538461538454,0.08461538461538454,0.0,-0.06992084432717682,-0.06992084432717682,,,,,,
4188,2026-08-28,2026-08-31,2026-09-04,5,連續3個營業日,-0.010273972602739767,-0.02422145328719716,-0.028368794326241176,-0.06164383561643838,-0.010273972602739767,-0.06164383561643838,-0.03424657534246578,-0.0034482758620689724,-0.05517241379310345,-0.02758620689655178,0.01760563380281699,-0.035211267605633756,-0.007042253521126751,0.01760563380281699,-0.035211267605633756,-0.007042253521126751,0.01760563380281699,-0.035211267605633756,-0.007042253521126751,,,,,,
4304,2026-08-24,2026-08-25,2026-08-31,5,連續3個營業日,-0.05065666041275785,-0.09090909090909094,-0.008695652173912993,-0.1444652908067542,-0.05065666041275785,-0.1444652908067542,-0.1369606003752345,-0.08499095840867987,-0.17540687160940316,-0.16817359855334535,-0.007843137254901933,-0.10588235294117643,-0.0980392156862745,0.04115226337448563,-0.06172839506172845,-0.053497942386831254,0.12195121951219501,0.011086474501108556,0.019955654101995624,,,,,,
4304,2026-09-09,2026-09-10,2026-09-16,5,連續3個營業日,-0.1875,0.006993006993006867,0.09027777777777768,-0.10795454545454553,-0.1875,-0.10795454545454553,-0.18181818181818188,-0.1875,-0.10795454545454553,-0.18181818181818188,-0.16860465116279066,-0.08720930232558144,-0.16279069767441856,-0.1090342679127726,-0.02180685358255463,-0.10280373831775702,-0.1090342679127726,-0.02180685358255463,-0.10280373831775702,,,,,,
4542,2026-09-24,2026-09-29,2026-10-05,5,連續3個營業日,0.08814589665653494,-0.026536312849162025,-0.03012912482065999,0.02735562310030404,0.08814589665653494,0.02735562310030404,0.059270516717325306,0.037681159420289934,-0.020289855072463725,0.010144927536231974,0.0437317784256559,-0.014577259475218707,0.016034985422740622,0.0718562874251496,0.011976047904191711,0.04341317365269459,0.028735632183908066,-0.028735632183908066,0.001436781609195359,,,,,,
4908,2026-09-02,2026-09-03,2026-09-09,5,連續3個營業日,0.10000000000000009,-0.012396694214875992,0.04184100418410042,0.13181818181818183,0.10000000000000009,0.13181818181818183,0.08636363636363642,0.13084112149532712,0.16355140186915884,0.11682242990654212,0.049891540130151846,0.08026030368763548,0.03687635574837311,0.0803571428571428,0.1116071428571428,0.06696428571428581,0.01467505241090139,0.04402515723270439,0.002096436058700135,,,,,,
4931,2026-08-12,2026-08-13,2026-08-21,7,連續3個營業日,0.03321033210332103,-0.050000000000000044,-0.052631578947368474,-0.07011070110701112,0.03321033210332103,-0.07011070110701112,-0.01845018450184499,0.05660377358490565,-0.049056603773584895,0.0037735849056603765,0.04868913857677892,-0.0561797752808989,-0.0037453183520599342,0.03512014787430684,-0.06839186691312382,-0.01663585951940849,0.11111111111111116,0.0,0.05555555555555558,0.02564102564102555,-0.07692307692307687,-0.02564102564102566,0.010830324909747224,-0.09025270758122739,-0.03971119133574008
4939,2026-08-31,2026-09-01,2026-09-09,7,連續3個營業日及沖銷標準,0.023702031602709006,-0.03528114663726578,-0.058285714285714274,-0.0699774266365687,0.023702031602709006,-0.0699774266365687,-0.01241534988713311,0.048554913294797775,-0.04739884393063576,0.011560693641618602,0.0022099447513812542,-0.08950276243093913,-0.03314917127071826,0.09277108433734949,-0.0072289156626504925,0.054216867469879526,0.02485875706214702,-0.06892655367231637,-0.011299435028248594,-0.030982905982905873,-0.11965811965811957,-0.06517094017094016,0.006659267480577213,-0.08546059933407313,-0.02885682574916748
4971,2026-08-10,2026-08-11,2026-08-17,5,連續3個營業日,0.10460251046025104,0.06818181818181812,-0.014184397163120588,0.16317991631799167,0.10460251046025104,0.16317991631799167,0.17991631799163188,0.10460251046025104,0.16317991631799167,0.17991631799163188,-0.013084112149532756,0.03925233644859816,0.0542056074766355,0.08978328173374606,0.1475748194014448,0.16408668730650144,0.0841889117043122,0.1416837782340863,0.15811088295687892,,,,,,
4971,2026-08-24,2026-08-25,2026-08-31,5,連續5個營業日,0.15384615384615374,0.020000000000000018,0.07843137254901955,0.26923076923076916,0.15384615384615374,0.26923076923076916,0.17692307692307696,0.07719928186714542,0.18491921005385992,0.09874326750448836,0.08695652173913038,0.19565217391304346,0.10869565217391308,0.0714285714285714,0.1785714285714286,0.09285714285714275,0.08108108108108114,0.18918918918918926,0.10270270270270276,,,,,,
4979,2026-08-13,2026-08-14,2026-08-20,5,連續5個營業日,0.036363636363636376,0.0,0.012280701754386003,0.049090909090909074,0.036363636363636376,0.049090909090909074,0.036363636363636376,0.05555555555555558,0.06851851851851842,0.05555555555555558,0.036363636363636376,0.049090909090909074,0.036363636363636376,0.1515151515151516,0.1656565656565656,0.1515151515151516,0.05166051660516602,0.06457564575645747,0.05166051660516602,,,,,,
4979,2026-08-27,2026-08-28,2026-09-03,5,連續5個營業日,-0.051409618573797666,0.07517482517482521,0.02276422764227637,0.04311774461028195,-0.051409618573797666,0.04311774461028195,0.01990049751243772,-0.05610561056105612,0.037953795379537913,0.014851485148514865,-0.06075533661740562,0.03284072249589487,0.009852216748768461,-0.046666666666666634,0.04833333333333334,0.02499999999999991,-0.0963665086887836,-0.006319115323854652,-0.028436018957345932,,,,,,
4979,2026-09-10,2026-09-11,2026-09-17,5,連續5個營業日,0.020183486238532167,0.03956834532374098,0.05709342560553643,0.12110091743119256,0.020183486238532167,0.12110091743119256,0.06055045871559628,0.09019607843137245,0.19803921568627447,0.1333333333333333,0.02583025830258312,0.12730627306273057,0.06642066420664205,0.07751937984496116,0.18410852713178305,0.12015503875968991,0.0,0.09892086330935257,0.03956834532374098,,,,,,
4979,2026-09-24,2026-09-29,2026-10-05,5,連續5個營業日,0.06785714285714284,0.02006688963210701,-0.06885245901639347,0.014285714285714235,0.06785714285714284,0.014285714285714235,0.08928571428571419,0.03819444444444442,-0.01388888888888884,0.05902777777777768,0.04912280701754379,-0.0035087719298245723,0.07017543859649122,0.06028368794326244,0.007092198581560183,0.08156028368794321,-0.011570247933884281,-0.06115702479338847,0.008264462809917328,,,,,,
4991,2026-08-13,2026-08-14,2026-08-20,5,連續5個營業日,0.11827956989247301,-0.01538461538461533,-0.060546875,0.03440860215053765,0.11827956989247301,0.03440860215053765,0.1010752688172043,0.08786610878661083,0.006276150627614996,0.07112970711297062,0.046277665995975825,-0.03219315895372232,0.030181086519114775,0.12676056338028174,0.04225352112676051,0.10942578548212345,0.02970297029702973,-0.04752475247524757,0.013861386138613874,,,,,,
4991,2026-09-03,2026-09-04,2026-09-10,5,最近10個營業日內有6個營業日,-0.022044088176352727,-0.06762295081967218,-0.014285714285714235,-0.10120240480961928,-0.022044088176352727,-0.10120240480961928,-0.0881763527054108,-0.06153846153846154,-0.13749999999999996,-0.125,-0.02400000000000002,-0.10299999999999998,-0.08999999999999997,-0.045009784735812186,-0.12230919765166337,-0.1095890410958904,-0.02302302302302306,-0.10210210210210213,-0.08908908908908908,,,,,,
5314,2026-08-21,2026-08-24,2026-08-28,5,連續3個營業日,0.19580419580419584,-0.09941520467836262,0.16883116883116878,0.25874125874125875,0.19580419580419584,0.25874125874125875,0.07692307692307687,0.08744038155802869,0.1446740858505564,-0.020667726550079424,-0.010130246020260358,0.0419681620839365,-0.10853835021707658,-0.09999999999999998,-0.052631578947368474,-0.18947368421052635,-0.18181818181818166,-0.13875598086124397,-0.26315789473684204,,,,,,
5314,2026-08-26,2026-08-27,2026-09-02,5,連續3個營業日,-0.09999999999999998,0.0014619883040933868,-0.0948905109489051,-0.1842105263157895,-0.09999999999999998,-0.1842105263157895,-0.09868421052631582,-0.18181818181818166,-0.2583732057416267,-0.1806220095693779,0.11038961038961048,0.006493506493506551,0.1120129870129869,-0.04999999999999993,-0.13888888888888884,-0.04861111111111116,-0.04867872044506261,-0.13769123783032,-0.04728789986091797,,,,,,
5314,2026-08-31,2026-09-01,2026-09-07,5,連續3個營業日,-0.022222222222222143,0.06960227272727271,0.02788844621513964,0.07500000000000018,-0.022222222222222143,0.07500000000000018,0.04583333333333339,-0.020862308762169657,0.07649513212795545,0.04728789986091786,0.027737226277372296,0.1299270072992702,0.09927007299270074,0.10000000000000009,0.2093750000000001,0.17656249999999996,0.08141321044546879,0.1889400921658988,0.15668202764976957,,,,,,
5314,2026-09-21,2026-09-22,2026-09-30,5,連續3個營業日,0.03035714285714297,0.015597920277296229,0.04436860068259385,0.09285714285714297,0.03035714285714297,0.09285714285714297,0.046428571428571486,0.09695817490494307,0.16349809885931554,0.11406844106463887,0.1053639846743295,0.17241379310344818,0.12260536398467425,0.10961538461538467,0.17692307692307696,0.12692307692307692,0.028520499108734443,0.09090909090909083,0.04456327985739761,,,,,,
5321,2026-08-21,2026-08-24,2026-08-28,5,最近10個營業日內有6個營業日,0.193820224719101,-0.018823529411764683,0.03956834532374098,0.2176966292134832,0.193820224719101,0.2176966292134832,0.1713483146067416,0.08005082592121981,0.1016518424396442,0.05972045743329102,0.024096385542168752,0.04457831325301198,0.004819277108433884,0.02533172496984304,0.045838359469239975,0.006031363088057962,0.00591715976331364,0.026035502958579926,-0.013017751479289852,,,,,,
5351,2026-08-10,2026-08-11,2026-08-17,5,連續3個營業日,0.1681034482758621,0.01845018450184499,-0.1159420289855072,0.051724137931034475,0.1681034482758621,0.051724137931034475,0.18965517241379315,0.08835341365461846,-0.02008032128514059,0.10843373493975905,0.06692913385826782,-0.03937007874015752,0.08661417322834652,0.03435114503816794,-0.06870229007633588,0.05343511450381677,0.0074349442379182396,-0.09293680297397766,0.026022304832713727,,,,,,
5475,2026-08-14,2026-08-17,2026-08-21,5,最近10個營業日內有6個營業日,0.02346041055718473,-0.014326647564469885,-0.07267441860465118,-0.06451612903225812,0.02346041055718473,-0.06451612903225812,0.008797653958944274,-0.005698005698005715,-0.09116809116809121,-0.019943019943019946,0.011594202898550732,-0.07536231884057976,-0.0028985507246376274,-0.03324099722991691,-0.11634349030470914,-0.047091412742382266,-0.01412429378531077,-0.09887005649717517,-0.02824858757062143,,,,,,
5475,2026-08-19,2026-08-20,2026-08-26,5,連續3個營業日,0.0027700831024930483,0.0,0.09944751381215466,0.10249307479224368,0.0027700831024930483,0.10249307479224368,0.0027700831024930483,0.02259887005649719,0.12429378531073443,0.02259887005649719,0.05232558139534893,0.15697674418604657,0.05232558139534893,0.16025641025641035,0.27564102564102555,0.16025641025641035,0.0741839762611276,0.18100890207715126,0.0741839762611276,,,,,,
6103,2026-08-28,2026-08-31,2026-09-04,5,連續3個營業日,-0.2085106382978723,-0.005376344086021612,-0.07837837837837835,-0.274468085106383,-0.2085106382978723,-0.274468085106383,-0.21276595744680848,-0.20682302771855,-0.27292110874200426,-0.21108742004264391,-0.15358361774744023,-0.22411831626848688,-0.1581342434584756,-0.17333333333333323,-0.24222222222222223,-0.1777777777777778,-0.028720626631853596,-0.10966057441253252,-0.03394255874673624,,,,,,
6168,2026-09-23,2026-09-24,2026-10-02,5,連續三次,0.10843373493975905,0.02499999999999991,-0.0010604453870625141,0.13493975903614452,0.10843373493975905,0.13493975903614452,0.13614457831325288,0.03603603603603611,0.06081081081081097,0.061936936936936915,-0.011815252416756072,0.011815252416756294,0.012889366272824887,0.006564551422319376,0.03063457330415753,0.03172866520787743,-0.030558482613277205,-0.00737618545837726,-0.006322444678609207,,,,,,
6213,2026-08-10,2026-08-11,2026-08-17,5,連續三次,0.12514619883040945,0.01039501039501034,0.004115226337448652,0.14152046783625738,0.12514619883040945,0.14152046783625738,0.13684210526315788,0.04793028322440085,0.06318082788671031,0.05882352941176472,0.02558635394456288,0.04051172707889128,0.036247334754797356,0.0388768898488121,0.05399568034557234,0.049676025917926525,0.011566771819137678,0.02628811777076767,0.02208201892744488,,,,,,
6213,2026-08-13,2026-08-14,2026-08-20,5,連續三次,0.10151187904967607,0.04705882352941182,-0.0393258426966292,0.10799136069114468,0.10151187904967607,0.10799136069114468,0.1533477321814254,0.0725552050473186,0.07886435331230279,0.12302839116719233,0.04938271604938271,0.05555555555555558,0.09876543209876543,0.09324758842443726,0.09967845659163976,0.144694533762058,0.003937007874015741,0.009842519685039353,0.051181102362204633,,,,,,
6217,2026-08-10,2026-08-11,2026-08-17,5,連續3個營業日,0.027027027027026973,0.032163742690058506,-0.11048158640226624,-0.0570570570570571,0.027027027027026973,-0.0570570570570571,0.06006006006006004,0.1476510067114094,0.05369127516778516,0.18456375838926165,0.06875000000000009,-0.018750000000000044,0.10312499999999991,0.030120481927710774,-0.054216867469879526,0.06325301204819267,-0.005813953488372103,-0.08720930232558144,0.026162790697674465,,,,,,
6218,2026-09-22,2026-09-23,2026-10-05,7,連續3個營業日及沖銷標準,-0.03154574132492116,-0.04234527687296419,-0.03911564625850339,-0.10883280757097791,-0.03154574132492116,-0.10883280757097791,-0.0725552050473186,-0.001626016260162677,-0.08130081300813008,-0.04390243902439028,-0.053929121725732054,-0.1294298921417566,-0.09399075500770426,-0.03001579778830965,-0.10742496050552919,-0.07109004739336489,-0.009677419354838679,-0.08870967741935487,-0.05161290322580647,-0.02848101265822789,-0.10601265822784811,-0.069620253164557,-0.020733652312599715,-0.09888357256778313,-0.062200956937799146
6221,2026-09-18,2026-09-21,2026-09-29,5,連續3個營業日,0.1465968586387436,-0.0334855403348554,-0.023622047244094446,0.08202443280977323,0.1465968586387436,0.08202443280977323,0.10820244328097739,0.07881773399014791,0.01806239737274229,0.04269293924466333,0.04285714285714293,-0.015873015873015928,0.007936507936507908,0.029780564263322873,-0.028213166144200552,-0.00470219435736674,-0.030973451327433565,-0.08554572271386429,-0.06342182890855452,,,,,,
6225,2026-08-14,2026-08-17,2026-08-21,5,連續三次,0.4572072072072073,0.09891808346213282,0.0,0.6013513513513513,0.4572072072072073,0.6013513513513513,0.6013513513513513,0.3258196721311477,0.45696721311475397,0.45696721311475397,0.2070895522388061,0.32649253731343264,0.32649253731343264,0.10409556313993185,0.2133105802047781,0.2133105802047781,0.0,0.09891808346213282,0.09891808346213282,,,,,,
6225,2026-08-19,2026-08-20,2026-08-26,5,連續三次,0.16894197952218426,-0.007299270072992692,-0.02941176470588236,0.12627986348122855,0.16894197952218426,0.12627986348122855,0.16040955631399312,0.05873261205564129,0.020092735703245657,0.051004636785162205,-0.03656821378340358,-0.07172995780590707,-0.043600562587904235,-0.12404092071611261,-0.15601023017902815,-0.13043478260869568,-0.007246376811594235,-0.04347826086956519,-0.01449275362318836,,,,,,
6225,2026-08-24,2026-08-25,2026-08-31,5,連續三次,-0.23273657289002558,0.0,-0.04166666666666663,-0.26470588235294124,-0.23273657289002558,-0.26470588235294124,-0.23273657289002558,-0.13043478260869568,-0.16666666666666663,-0.13043478260869568,-0.11764705882352944,-0.15441176470588236,-0.11764705882352944,-0.09090909090909094,-0.12878787878787878,-0.09090909090909094,-0.04761904761904767,-0.08730158730158732,-0.04761904761904767,,,,,,
6226,2026-08-31,2026-09-01,2026-09-07,5,連續三次,-0.012195121951219523,-0.024691358024691246,-0.06329113924050633,-0.09756097560975596,-0.012195121951219523,-0.09756097560975596,-0.03658536585365846,-0.027027027027026973,-0.11111111111111094,-0.0510510510510509,-0.07692307692307698,-0.15669515669515666,-0.09971509971509973,-0.018181818181818188,-0.10303030303030303,-0.042424242424242364,-0.04705882352941182,-0.12941176470588234,-0.07058823529411762,,,,,,
6226,2026-09-18,2026-09-21,2026-10-01,7,連續三次及當日沖銷標準,0.0596026490066226,0.04166666666666674,-0.07200000000000006,0.02428256070640189,0.0596026490066226,0.02428256070640189,0.10375275938189854,0.06785317018909898,0.032258064516129004,0.11234705228031139,0.0596026490066226,0.02428256070640189,0.10375275938189854,0.11757857974388819,0.08032596041909179,0.16414435389988347,0.0847457627118644,0.0485875706214689,0.12994350282485878,0.053787047200878124,0.01866081229418226,0.09769484083424818,0.07744107744107742,0.04152637485970834,0.122334455667789
6426,2026-08-11,2026-08-12,2026-08-18,5,連續三次,0.047210300429184615,-0.09836065573770492,0.050000000000000044,-0.008583690987124415,0.047210300429184615,-0.008583690987124415,-0.05579399141630903,0.08928571428571419,0.03125,-0.017857142857142905,0.08928571428571419,0.03125,-0.017857142857142905,0.11415525114155245,0.0547945205479452,0.004566210045662045,0.018789144050104456,-0.035490605427975,-0.08141962421711901,,,,,,
6451,2026-08-10,2026-08-11,2026-08-17,5,連續三次,0.04919908466819223,0.026172300981461394,-0.10520722635494151,-0.03661327231121281,0.04919908466819223,-0.03661327231121281,0.07665903890160175,0.05767012687427919,-0.028835063437139596,0.08535178777393315,0.0010917030567685337,-0.08078602620087338,0.02729257641921401,0.05160550458715596,-0.0344036697247706,0.07912844036697253,0.05767012687427919,-0.028835063437139596,0.08535178777393315,,,,,,
6526,2026-09-29,2026-09-30,2026-10-06,5,連續三次,0.014457831325301207,-0.0106888361045131,-0.056422569027611,-0.053012048192771055,0.014457831325301207,-0.053012048192771055,0.0036144578313253017,0.00959232613908867,-0.05755395683453235,-0.0011990407673860837,0.004773269689737569,-0.06205250596658707,-0.005966587112171795,-0.01520467836257311,-0.08070175438596494,-0.025730994152046827,-0.0023696682464454666,-0.06872037914691942,-0.013033175355450233,,,,,,
6531,2026-08-10,2026-08-11,2026-08-17,5,連續三次,-0.0353591160220994,0.02290950744558984,-0.033594624860022404,-0.04640883977900556,-0.0353591160220994,-0.04640883977900556,-0.013259668508287303,0.05054151624548742,0.038507821901323736,0.07460890493381478,-0.007954545454545436,-0.01931818181818179,0.014772727272727382,-0.010204081632653073,-0.02154195011337867,0.012471655328798237,-0.03642384105960261,-0.047461368653421654,-0.014348785871964642,,,,,,
6538,2026-09-07,2026-09-08,2026-09-14,5,連續3個營業日,0.21335504885993495,0.0,-0.020134228187919434,0.18892508143322484,0.21335504885993495,0.18892508143322484,0.21335504885993495,0.1640625,0.140625,0.1640625,0.10207100591715967,0.0798816568047338,0.10207100591715967,0.10370370370370363,0.08148148148148149,0.10370370370370363,0.02900552486187835,0.008287292817679592,0.02900552486187835,,,,,,
6538,2026-09-10,2026-09-11,2026-09-17,5,連續3個營業日,0.045925925925925926,-0.0014164305949008194,0.10070921985815606,0.14962962962962956,0.045925925925925926,0.14962962962962956,0.04444444444444451,-0.024861878453038666,0.07182320441988943,-0.026243093922651894,-0.05234899328859055,0.041610738255033475,-0.05369127516778527,-0.04723346828609987,0.047233468286099756,-0.04858299595141702,-0.06366047745358094,0.02917771883289122,-0.06498673740053051,,,,,,
6620,2026-09-08,2026-09-09,2026-09-15,5,連續3個營業日,-0.04313725490196074,-0.024590163934426257,0.12605042016806722,0.050980392156862786,-0.04313725490196074,0.050980392156862786,-0.06666666666666665,-0.05058365758754868,0.04280155642023353,-0.07392996108949412,-0.012145748987854255,0.08502024291497978,-0.036437246963562764,-0.02400000000000002,0.07200000000000006,-0.04800000000000004,-0.04313725490196074,0.050980392156862786,-0.06666666666666665,,,,,,
6715,2026-09-22,2026-09-23,2026-10-01,5,連續三次,0.0044345898004434225,-0.023178807947019875,0.014689265536723228,-0.0044345898004434225,0.0044345898004434225,-0.0044345898004434225,-0.018847006651884657,-0.020540540540540553,-0.029189189189189224,-0.043243243243243246,-0.01521739130434785,-0.023913043478260843,-0.03804347826086951,0.0022123893805310324,-0.006637168141592875,-0.021017699115044253,0.01797752808988773,0.008988764044943753,-0.005617977528089901,,,,,,
6716,2026-08-14,2026-08-17,2026-08-21,5,連續3個營業日,0.01526717557251911,-0.03759398496240607,-0.04296875,-0.06488549618320616,0.01526717557251911,-0.06488549618320616,-0.022900763358778664,-0.01115241635687736,-0.08921933085501854,-0.048327137546468446,-0.007462686567164201,-0.08582089552238803,-0.04477611940298509,-0.032727272727272716,-0.10909090909090913,-0.06909090909090909,0.0,-0.07894736842105265,-0.03759398496240607,,,,,,
6805,2026-09-01,2026-09-02,2026-09-08,5,連續三次,-0.0379464285714286,0.006960556844547661,0.05760368663594462,0.024553571428571397,-0.0379464285714286,0.024553571428571397,-0.03125,0.011737089201877993,0.07746478873239426,0.018779342723004744,0.0023255813953488857,0.06744186046511635,0.009302325581395321,-0.04646017699115046,0.015486725663716783,-0.03982300884955747,-0.03579418344519014,0.02684563758389258,-0.029082774049216997,,,,,,
6872,2026-09-09,2026-09-10,2026-09-16,5,連續3個營業日,-0.14602587800369682,-0.0043290043290044045,-0.08695652173913049,-0.22365988909426993,-0.14602587800369682,-0.22365988909426993,-0.14972273567467653,-0.10116731517509725,-0.18287937743190663,-0.10505836575875482,0.019867549668874274,-0.07284768211920523,0.015452538631346657,0.050000000000000044,-0.045454545454545414,0.045454545454545414,0.008733624454148492,-0.08296943231441045,0.004366812227074357,,,,,,
6933,2026-09-01,2026-09-02,2026-09-08,5,連續三次,0.009538950715421324,0.009448818897637823,0.05460218408736339,0.07472178060413359,0.009538950715421324,0.07472178060413359,0.019077901430842648,0.004746835443038,0.06962025316455689,0.014240506329114,0.027508090614886793,0.09385113268608425,0.03721682847896446,-0.00470219435736674,0.059561128526645746,0.004702194357366851,-0.015503875968992276,0.04806201550387601,-0.006201550387596955,,,,,,
6933,2026-09-04,2026-09-07,2026-09-11,5,連續三次,0.0031347962382444194,-0.04843750000000002,0.003284072249589487,-0.042319749216300995,0.0031347962382444194,-0.042319749216300995,-0.045454545454545414,-0.007751937984496138,-0.05271317829457367,-0.05581395348837215,-0.0015600624024960652,-0.046801872074882955,-0.0499219968798752,-0.08045977011494254,-0.12212643678160917,-0.125,-0.03903903903903905,-0.08258258258258255,-0.0855855855855856,,,,,,
6945,2026-09-22,2026-09-23,2026-10-01,5,連續3個營業日,0.059259259259259345,-0.0174825174825175,-0.03202846975088969,0.007407407407407307,0.059259259259259345,0.007407407407407307,0.040740740740740744,0.05535055350553497,0.0036900369003689537,0.03690036900368998,0.040000000000000036,-0.010909090909090868,0.021818181818181737,0.021428571428571352,-0.02857142857142858,0.0035714285714285587,-0.03050847457627115,-0.07796610169491525,-0.0474576271186441,,,,,,
7610,2026-08-10,2026-08-11,2026-08-17,5,連續三次,-0.021164021164021163,0.04054054054054057,-0.09610389610389614,-0.07936507936507942,-0.021164021164021163,-0.07936507936507942,0.0185185185185186,-0.010695187165775444,-0.06951871657754005,0.02941176470588225,-0.043927648578811374,-0.10077519379844957,-0.0051679586563307955,0.03064066852367686,-0.03064066852367686,0.07242339832869082,0.08823529411764697,0.0235294117647058,0.13235294117647056,,,,,,
7711,2026-08-12,2026-08-13,2026-08-19,5,連續三次,0.07456140350877183,0.0,-0.07346938775510203,-0.004385964912280715,0.07456140350877183,-0.004385964912280715,0.07456140350877183,-0.018036072144288595,-0.09018036072144286,-0.018036072144288595,0.02941176470588225,-0.04621848739495793,0.02941176470588225,0.02083333333333326,-0.054166666666666696,0.02083333333333326,0.02941176470588225,-0.04621848739495793,0.02941176470588225,,,,,,
7772,2026-09-10,2026-09-11,2026-09-17,5,連續3個營業日,0.26956521739130435,0.013698630136986356,0.05067567567567566,0.3521739130434782,0.26956521739130435,0.3521739130434782,0.28695652173913033,0.16799999999999993,0.244,0.18399999999999994,0.15873015873015883,0.23412698412698418,0.17460317460317465,0.08148148148148149,0.1518518518518519,0.09629629629629632,0.09774436090225569,0.16917293233082709,0.11278195488721798,,,,,,
7772,2026-09-23,2026-09-24,2026-10-02,5,連續3個營業日,0.07514450867052025,0.021505376344086002,-0.11842105263157898,-0.03179190751445082,0.07514450867052025,-0.03179190751445082,0.09826589595375723,0.05681818181818188,-0.048295454545454586,0.07954545454545459,0.03333333333333344,-0.06944444444444442,0.05555555555555558,0.027624309392265234,-0.074585635359116,0.04972375690607733,0.016393442622950838,-0.08469945355191255,0.03825136612021862,,,,,,
7792,2026-09-29,2026-09-30,2026-10-06,5,連續3個營業日,0.07499999999999996,-0.025470653377630104,-0.07613636363636367,-0.03214285714285714,0.07499999999999996,-0.03214285714285714,0.04761904761904767,0.08533653846153855,-0.022836538461538436,0.05769230769230771,0.0524475524475525,-0.05244755244755239,0.02564102564102555,0.0623529411764705,-0.04352941176470593,0.03529411764705892,0.0033333333333334103,-0.09666666666666668,-0.022222222222222254,,,,,,
7795,2026-08-17,2026-08-18,2026-08-24,5,連續三次,0.04029304029304037,-0.02464788732394363,-0.005415162454873612,0.009157509157509125,0.04029304029304037,0.009157509157509125,0.0146520146520146,0.04029304029304037,0.009157509157509125,0.0146520146520146,0.025270758122743597,-0.005415162454873612,0.0,0.02898550724637672,-0.0018115942028985588,0.0036231884057971175,0.0,-0.029929577464788748,-0.02464788732394363,,,,,,
8021,2026-08-10,2026-08-11,2026-08-17,5,連續三次,0.008244994110718551,0.02102803738317749,-0.06521739130434778,-0.03769140164899887,0.008244994110718551,-0.03769140164899887,0.029446407538280317,-0.026166097838452806,-0.07053469852104666,-0.005688282138794132,-0.02505694760820043,-0.0694760820045558,-0.004555808656036442,-0.00696055684454755,-0.05220417633410668,0.0139211136890951,0.010625737898465104,-0.0354191263282172,0.031877213695395534,,,,,,
8021,2026-09-08,2026-09-09,2026-09-15,5,最近十個營業日已有六次,-0.036830357142857095,0.0034762456546928444,0.01616628175519641,-0.017857142857142905,-0.036830357142857095,-0.017857142857142905,-0.033482142857142905,-0.03142536475869806,-0.012345679012345734,-0.02805836139169471,0.0034883720930232176,0.023255813953488413,0.006976744186046435,0.04227053140096615,0.06280193236714982,0.04589371980676327,-0.024858757062146908,-0.005649717514124242,-0.021468926553672274,,,,,,
8021,2026-09-22,2026-09-23,2026-10-01,5,連續五次,0.06680805938494161,0.0,0.09940357852882697,0.17285259809119835,0.06680805938494161,0.17285259809119835,0.06680805938494161,0.04682622268470338,0.1508844953173778,0.04682622268470338,0.05783385909568883,0.1629863301787593,0.05783385909568883,0.034979423868312765,0.13786008230452684,0.034979423868312765,0.03285420944558526,0.1355236139630389,0.03285420944558526,,,,,,
8033,2026-08-17,2026-08-18,2026-08-24,5,連續五次,0.0,-0.013513513513513487,-0.019178082191780854,-0.032432432432432434,0.0,-0.032432432432432434,-0.013513513513513487,0.022099447513812098,-0.011049723756906049,0.008287292817679592,-0.02631578947368418,-0.05789473684210522,-0.03947368421052633,-0.02887139107611547,-0.06036745406824151,-0.04199475065616798,-0.015957446808510634,-0.0478723404255319,-0.0292553191489362,,,,,,
8227,2026-09-14,2026-09-15,2026-09-21,5,連續3個營業日,0.2029288702928871,0.0417391304347825,0.01836393989983298,0.2761506276150627,0.2029288702928871,0.2761506276150627,0.2531380753138075,0.14770459081836318,0.217564870259481,0.1956087824351298,0.05311355311355315,0.11721611721611724,0.09706959706959717,0.09315589353612164,0.15969581749049433,0.1387832699619771,0.019503546099290725,0.08156028368794321,0.06205673758865249,,,,,,
8227,2026-09-17,2026-09-18,2026-09-24,5,連續3個營業日,0.16539923954372626,0.021207177814029254,0.07667731629392982,0.28136882129277563,0.16539923954372626,0.28136882129277563,0.1901140684410647,0.08687943262411357,0.1950354609929077,0.10992907801418439,0.023372287145241977,0.12520868113522532,0.04507512520868118,-0.00648298217179899,0.09238249594813608,0.014586709886547755,0.004918032786885185,0.10491803278688527,0.026229508196721207,,,,,,
8358,2026-09-01,2026-09-02,2026-09-10,7,連續5個營業日及沖銷標準,0.011650485436893288,-0.04510556621881001,-0.025125628140703515,-0.058252427184465994,0.011650485436893288,-0.058252427184465994,-0.03398058252427183,0.015594541910331383,-0.05458089668615984,-0.030214424951267027,0.08316008316008316,0.008316008316008316,0.03430353430353428,0.021568627450980316,-0.0490196078431373,-0.02450980392156865,0.0019230769230769162,-0.06730769230769229,-0.043269230769230727,-0.02434456928838946,-0.09176029962546817,-0.06835205992509363,0.005791505791505891,-0.06370656370656369,-0.03957528957528955
8358,2026-09-17,2026-09-18,2026-09-24,5,連續5個營業日,0.04820512820512812,-0.021526418786692814,-0.0040000000000000036,0.021538461538461506,0.04820512820512812,0.021538461538461506,0.02564102564102555,0.02200000000000002,-0.0040000000000000036,0.0,0.019960079840319445,-0.005988023952095856,-0.001996007984031989,0.026104417670682833,0.0,0.004016064257028162,0.026104417670682833,0.0,0.004016064257028162,,,,,,
8996,2026-09-14,2026-09-15,2026-09-21,5,最近十個營業日已有六次,0.20883534136546178,0.009966777408637828,0.08881578947368429,0.3293172690763053,0.20883534136546178,0.3293172690763053,0.22088353413654627,0.22357723577235777,0.3455284552845528,0.2357723577235773,0.13157894736842102,0.244360902255639,0.1428571428571428,0.11481481481481493,0.22592592592592586,0.125925925925926,0.0524475524475525,0.1573426573426573,0.06293706293706292,,,,,,
