symbol,stock_key,attention_date,entry_date,exit_date,year,short_score,holding_days,can_short,is_suspended,can_enter_short,can_exit_short,executable,gross_short_return,lending_cost,total_cost,net_short_return,max_adverse,short_3d,near_limit_down,near_limit_up
1303,1303,2026-06-22,2026-06-23,2026-06-30,2026,0.8139240506329114,5,True,False,True,False,False,-0.060509554140127486,0.0005,0.00635,-0.06685955414012748,-0.07961783439490455,0.0573248407643312,False,True
1325,1325,2023-11-30,2023-12-01,2023-12-08,2023,0.9208860759493671,5,True,False,True,True,True,-0.03125000000000022,0.0005,0.00635,-0.037600000000000224,-0.22961956521739135,-0.048913043478260976,False,False
1419,1419,2025-05-22,2025-05-23,2025-06-02,2025,0.9022151898734176,5,True,False,True,True,True,0.01849217638691314,0.0005,0.00635,0.01214217638691314,-0.18776671408250367,-0.08534850640113789,False,False
1435,1435,2026-06-26,2026-06-29,2026-07-06,2026,0.9936708860759493,5,False,False,True,True,False,-0.1832229580573952,0.0005,0.00635,-0.18957295805739519,-0.45916114790286966,-0.45916114790286966,False,False
1453,1453,2024-04-12,2024-04-15,2024-04-22,2024,0.8136075949367089,5,True,False,True,True,True,0.12133891213389114,0.0005,0.00635,0.11498891213389115,-0.06903765690376584,-0.0020920502092049986,False,False
1514,1514,2024-04-12,2024-04-15,2024-04-22,2024,0.9091772151898734,5,True,False,True,True,True,0.15598885793871864,0.0005,0.00635,0.14963885793871864,-0.025069637883008422,0.02506963788300831,False,False
1563,1563,2026-06-01,2026-06-02,2026-06-09,2026,0.8473101265822784,5,True,False,True,True,True,0.11428571428571432,0.0005,0.00635,0.10793571428571433,-0.0,0.06714285714285717,False,False
1587,1587,2024-04-08,2024-04-09,2024-04-16,2024,0.8794303797468355,5,True,False,True,True,True,-0.10859728506787314,0.0005,0.00635,-0.11494728506787313,-0.12217194570135748,-0.013574660633484115,False,False
1597,1597,2026-05-05,2026-05-06,2026-05-13,2026,0.9386075949367089,5,True,False,True,True,True,0.0052631578947368585,0.0005,0.00635,-0.0010868421052631413,-0.0,0.04210526315789476,False,False
1617,1617,2024-04-19,2024-04-22,2024-04-29,2024,0.9683544303797469,5,True,False,True,True,True,0.22385620915032678,0.0005,0.00635,0.21750620915032678,-0.07189542483660127,0.2287581699346405,False,False
1618,1618,2024-04-19,2024-04-22,2024-04-29,2024,0.9199367088607595,5,True,False,True,True,True,0.20294117647058818,0.0005,0.00635,0.19659117647058819,-0.026470588235294024,0.1823529411764706,False,False
1718,1718,2026-06-04,2026-06-05,2026-06-12,2026,0.8617088607594936,5,True,False,True,True,True,0.06976744186046524,0.0005,0.00635,0.06341744186046525,-0.08695652173913038,0.1001011122345804,False,False
1721,1721,2024-09-20,2024-09-23,2024-09-30,2024,0.844620253164557,5,True,False,True,True,True,0.02692307692307694,0.0005,0.00635,0.020573076923076937,-0.02115384615384608,0.059615384615384626,False,False
1725,1725,2024-03-04,2024-03-05,2024-03-12,2024,0.9659810126582278,5,True,False,True,True,True,0.08390646492434672,0.0005,0.00635,0.07755646492434673,-0.1526822558459422,0.07152682255845944,False,False
1735,1735,2024-09-04,2024-09-05,2024-09-12,2024,0.9069620253164556,5,True,False,True,True,True,0.1649484536082474,0.0005,0.00635,0.1585984536082474,-0.015463917525773141,0.20790378006872856,False,False
1735,1735,2026-03-18,2026-03-19,2026-03-26,2026,0.9356012658227848,5,True,False,True,True,True,0.14785373608903019,0.0005,0.00635,0.1415037360890302,-0.07631160572337059,0.1462639109697933,False,False
1784,1784,2024-07-02,2024-07-03,2024-07-10,2024,0.8006329113924051,5,True,False,True,True,True,-0.06498194945848379,0.0005,0.00635,-0.07133194945848378,-0.12635379061371843,-0.054151624548736566,False,False
1785,1785,2026-04-14,2026-04-15,2026-04-22,2026,0.9455696202531645,5,True,False,True,True,True,-0.1592592592592592,0.0005,0.00635,-0.1656092592592592,-0.1962962962962962,-0.13703703703703707,False,False
1799,1799,2026-03-18,2026-03-19,2026-03-26,2026,0.7984177215189874,5,False,False,True,True,False,0.11818181818181828,0.0005,0.00635,0.11183181818181828,-0.01931818181818179,0.1636363636363637,False,False
1802,1802,2025-08-18,2025-08-19,2025-08-26,2025,0.8911392405063292,5,True,False,True,True,True,0.16080402010050254,0.0005,0.00635,0.15445402010050255,-0.007537688442211143,0.19472361809045224,False,False
1802,1802,2026-01-21,2026-01-22,2026-01-29,2026,0.9322784810126583,5,True,False,True,True,True,0.13089005235602091,0.0005,0.00635,0.12454005235602092,-0.0017452006980802626,0.10296684118673649,False,False
1802,1802,2026-03-02,2026-03-03,2026-03-10,2026,0.8,5,True,False,True,True,True,0.23529411764705888,0.0005,0.00635,0.22894411764705888,-0.0808823529411764,0.13088235294117645,False,False
1905,1905,2026-03-31,2026-04-01,2026-04-10,2026,0.7852848101265822,5,True,False,False,True,False,0.1437125748502993,0.0005,0.00635,0.13736257485029932,-0.0029940119760478723,0.15568862275449102,True,False
2061,2061,2026-05-26,2026-05-27,2026-06-03,2026,0.8120253164556962,5,True,False,True,True,True,-0.31695721077654504,0.0005,0.00635,-0.32330721077654506,-0.35974643423137875,-0.26465927099841524,False,False
2061,2061,2026-06-22,2026-06-23,2026-06-30,2026,0.9889240506329113,5,True,False,True,True,True,-0.06844741235392315,0.0005,0.00635,-0.07479741235392315,-0.1652754590984975,-0.04507512520868118,False,False
2221,2221,2026-09-22,2026-09-23,2026-10-02,2026,0.982753164556962,5,True,False,True,True,True,-0.1325301204819278,0.0005,0.00635,-0.1388801204819278,-0.19277108433734935,-0.18975903614457823,False,False
2230,2230,2023-07-04,2023-07-05,2023-07-12,2023,0.9189873417721519,5,True,False,True,True,True,0.10546875,0.0005,0.00635,0.09911875,-0.00390625,0.09765625,False,False
2231,2231,2026-03-27,2026-03-30,2026-04-08,2026,0.8794303797468355,5,True,False,True,True,True,0.055776892430278835,0.0005,0.00635,0.04942689243027883,-0.095617529880478,0.10756972111553786,False,False
2243,2243,2026-03-17,2026-03-18,2026-03-25,2026,0.9088607594936708,5,False,False,True,True,False,-0.0024154589371980784,0.0005,0.00635,-0.008765458937198078,-0.007246376811594235,0.08212560386473422,False,False
2305,2305,2026-06-22,2026-06-23,2026-06-30,2026,0.8908227848101267,5,True,False,True,True,True,-0.04336043360433606,0.0005,0.00635,-0.04971043360433606,-0.08401084010840121,0.04878048780487798,False,False
2314,2314,2025-06-25,2025-06-26,2025-07-03,2025,0.9011075949367089,5,False,False,True,True,False,0.22310756972111556,0.0005,0.00635,0.21675756972111557,-0.0,0.17529880478087656,False,False
2329,2329,2023-07-28,2023-07-31,2023-08-08,2023,0.882120253164557,5,True,False,True,True,True,0.00393700787401563,0.0005,0.00635,-0.0024129921259843697,-0.007874015748031704,0.07480314960629919,False,False
2337,2337,2026-01-08,2026-01-09,2026-01-16,2026,0.9781645569620253,5,True,False,True,True,True,-0.05845181674565558,0.0005,0.00635,-0.06480181674565558,-0.07109004739336489,0.05055292259083721,False,False
2338,2338,2026-03-02,2026-03-03,2026-03-10,2026,0.968512658227848,5,True,False,True,True,True,0.23711340206185572,0.0005,0.00635,0.23076340206185572,-0.020618556701030855,0.09278350515463929,False,False
2342,2342,2025-09-18,2025-09-19,2025-09-26,2025,0.9193037974683544,5,True,False,True,True,True,0.1392757660167131,0.0005,0.00635,0.1329257660167131,-0.025069637883008422,0.07381615598885793,False,False
2349,2349,2024-07-03,2024-07-04,2024-07-11,2024,0.9544303797468354,5,False,False,True,True,False,0.003076923076923088,0.0005,0.00635,-0.0032730769230769115,-0.3476923076923075,-0.10769230769230775,False,False
2359,2359,2024-03-25,2024-03-26,2024-04-02,2024,0.969620253164557,5,True,False,True,False,False,-0.25321888412017146,0.0005,0.00635,-0.2595688841201715,-0.25321888412017146,-0.03719599427753928,False,True
2363,2363,2024-04-11,2024-04-12,2024-04-19,2024,0.8607594936708861,5,True,False,True,True,True,-0.13856427378964953,0.0005,0.00635,-0.14491427378964952,-0.22704507512520866,-0.15025041736227052,False,False
2380,2380,2025-08-20,2025-08-21,2025-08-28,2025,0.9800632911392404,5,False,False,True,True,False,0.04477611940298509,0.0005,0.00635,0.03842611940298509,-0.07313432835820888,0.02985074626865669,False,False
2388,2388,2023-07-14,2023-07-17,2023-07-24,2023,0.8365506329113923,5,True,False,True,True,True,-0.20318725099601598,0.0005,0.00635,-0.20953725099601597,-0.21513944223107573,-0.07569721115537842,False,False
2424,2424,2023-05-05,2023-05-08,2023-05-15,2023,0.9566455696202532,5,False,False,True,True,False,0.1887608069164266,0.0005,0.00635,0.1824108069164266,-0.06051873198847235,0.13544668587896258,False,False
2424,2424,2024-08-28,2024-08-29,2024-09-05,2024,0.9088607594936708,5,False,False,True,True,False,0.029585798816568087,0.0005,0.00635,0.023235798816568086,-0.035502958579881616,0.03846153846153855,False,False
2426,2426,2026-03-12,2026-03-13,2026-03-20,2026,0.9166139240506329,5,True,False,True,True,True,-0.06221547799696503,0.0005,0.00635,-0.06856547799696502,-0.2139605462822458,-0.16388467374810323,False,False
2427,2427,2023-05-19,2023-05-22,2023-05-29,2023,0.964873417721519,5,True,False,True,True,True,-0.0398322851153039,0.0005,0.00635,-0.0461822851153039,-0.0691823899371069,-0.027253668763102645,False,False
2429,2429,2023-03-09,2023-03-10,2023-03-17,2023,0.7816455696202531,5,False,False,True,True,False,0.16519174041297935,0.0005,0.00635,0.15884174041297935,-0.038348082595870414,0.12684365781710905,False,False
2429,2429,2024-07-02,2024-07-03,2024-07-10,2024,0.9533227848101266,5,False,False,True,True,False,0.20600858369098718,0.0005,0.00635,0.19965858369098718,-0.008583690987124415,0.22424892703862664,False,False
2429,2429,2025-09-10,2025-09-11,2025-09-18,2025,0.8050632911392406,5,False,False,True,True,False,0.1854304635761589,0.0005,0.00635,0.1790804635761589,-0.04304635761589415,0.1258278145695364,False,False
2429,2429,2026-04-24,2026-04-27,2026-05-05,2026,0.7919303797468354,5,False,False,True,True,False,0.1419031719532554,0.0005,0.00635,0.13555317195325542,-0.0,0.13021702838063431,False,False
2438,2438,2024-06-20,2024-06-21,2024-06-28,2024,0.8227848101265822,5,False,False,True,True,False,-0.19622245540398753,0.0005,0.00635,-0.20257245540398752,-0.2696747114375657,-0.19832109129066122,False,False
2438,2438,2025-02-13,2025-02-14,2025-02-21,2025,0.9240506329113924,5,False,False,True,True,False,0.05063291139240511,0.0005,0.00635,0.04428291139240511,-0.0,0.0392405063291138,False,False
2451,2451,2025-11-12,2025-11-13,2025-11-20,2025,0.8699367088607595,5,True,False,True,True,True,0.03809523809523807,0.0005,0.00635,0.03174523809523807,-0.02857142857142847,0.04761904761904767,False,False
2465,2465,2024-02-15,2024-02-16,2024-02-23,2024,0.7772151898734178,5,False,False,True,True,False,-0.08370044052863435,0.0005,0.00635,-0.09005044052863434,-0.13215859030836996,-0.05726872246696035,False,False
2466,2466,2026-07-06,2026-07-07,2026-07-15,2026,0.9840189873417722,5,True,False,True,False,False,-0.12135922330097082,0.0005,0.00635,-0.12770922330097081,-0.12135922330097082,0.024271844660194164,False,True
2468,2468,2023-06-19,2023-06-20,2023-06-29,2023,0.986867088607595,5,True,False,True,True,True,0.04889406286379516,0.0005,0.00635,0.04254406286379516,-0.024447031431897415,0.06868451688009314,False,False
2468,2468,2025-03-26,2025-03-27,2025-04-07,2025,0.8414556962025317,5,True,False,True,True,True,0.2535885167464116,0.0005,0.00635,0.2472385167464116,-0.04625199362041443,0.13875598086124408,False,False
2478,2478,2026-05-22,2026-05-25,2026-06-01,2026,0.8917721518987342,5,True,False,True,True,True,-0.07462686567164178,0.0005,0.00635,-0.08097686567164178,-0.13805970149253732,0.052238805970149294,False,False
2485,2485,2026-03-18,2026-03-19,2026-03-26,2026,0.8414556962025317,5,True,False,True,True,True,0.010062893081761004,0.0005,0.00635,0.0037128930817610043,-0.07547169811320753,0.0540880503144654,False,False
2489,2489,2026-02-25,2026-02-26,2026-03-06,2026,0.910759493670886,5,True,False,True,True,True,-0.13376623376623376,0.0005,0.00635,-0.14011623376623375,-0.24415584415584402,-0.07792207792207795,False,False
2491,2491,2026-06-04,2026-06-05,2026-06-12,2026,0.8329113924050633,5,True,False,True,True,True,0.16310160427807485,0.0005,0.00635,0.15675160427807486,-0.0,0.2098930481283422,False,False
2493,2493,2026-06-16,2026-06-17,2026-06-25,2026,0.8164556962025317,5,True,False,True,True,True,-0.17515274949083492,0.0005,0.00635,-0.18150274949083492,-0.18126272912423635,-0.07942973523421593,False,False
2524,2524,2024-08-01,2024-08-02,2024-08-09,2024,0.8151898734177215,5,True,False,True,True,True,0.040000000000000036,0.0005,0.00635,0.033650000000000034,-0.08000000000000007,0.0888888888888889,False,False
2543,2543,2023-11-17,2023-11-20,2023-11-27,2023,0.9563291139240506,5,True,False,True,True,True,0.09264305177111731,0.0005,0.00635,0.08629305177111732,-0.0,0.09264305177111731,False,False
2616,2616,2026-03-06,2026-03-09,2026-03-16,2026,0.9569620253164557,5,True,False,True,True,True,0.2531380753138074,0.0005,0.00635,0.2467880753138074,-0.0,0.2384937238493724,False,False
2719,2719,2023-02-21,2023-02-22,2023-03-03,2023,0.9898734177215189,5,False,False,True,True,False,0.023897058823529327,0.0005,0.00635,0.017547058823529325,-0.13970588235294112,0.0404411764705882,False,False
2719,2719,2023-05-23,2023-05-24,2023-05-31,2023,0.7765822784810126,5,False,False,True,True,False,-0.029871977240398362,0.0005,0.00635,-0.03622197724039836,-0.08819345661450928,0.05832147937411092,False,True
2724,2724,2024-04-15,2024-04-16,2024-04-23,2024,0.8683544303797468,5,False,False,True,True,False,0.10566615620214392,0.0005,0.00635,0.09931615620214393,-0.0015313935681471325,0.0964777947932618,False,False
2743,2743,2023-05-16,2023-05-17,2023-05-24,2023,0.8598101265822785,5,True,False,True,True,True,-0.18974358974358974,0.0005,0.00635,-0.19609358974358973,-0.3025641025641026,-0.24102564102564106,False,False
2745,2745,2023-05-17,2023-05-18,2023-05-25,2023,0.8914556962025316,5,False,False,True,True,False,-0.1179173047473201,0.0005,0.00635,-0.12426730474732009,-0.18683001531393573,-0.18223583460949477,False,False
3006,3006,2026-08-07,2026-08-10,2026-08-17,2026,0.7908227848101266,5,True,False,True,True,True,0.00907441016333943,0.0005,0.00635,0.0027244101633394305,-0.0362976406533575,-0.007259528130671544,False,False
3013,3013,2023-07-05,2023-07-06,2023-07-13,2023,0.9199367088607595,5,True,False,True,True,True,-0.028469750889679846,0.0005,0.00635,-0.03481975088967985,-0.07829181494661941,0.02016607354685651,False,False
3016,3016,2026-05-05,2026-05-06,2026-05-13,2026,0.9534810126582278,5,True,False,True,True,True,-0.021097046413502074,0.0005,0.00635,-0.027447046413502076,-0.10126582278481022,-0.08438818565400852,False,False
3018,3018,2023-07-07,2023-07-10,2023-07-17,2023,0.9775316455696202,5,False,False,True,True,False,0.18309859154929575,0.0005,0.00635,0.17674859154929576,-0.0,0.21126760563380287,False,False
3018,3018,2024-07-04,2024-07-05,2024-07-12,2024,0.8417721518987342,5,False,False,True,True,False,-0.15690866510538637,0.0005,0.00635,-0.16325866510538636,-0.20608899297423888,-0.180327868852459,False,False
3021,3021,2026-05-28,2026-05-29,2026-06-05,2026,0.9607594936708861,5,True,False,True,True,True,-0.07641196013289031,0.0005,0.00635,-0.0827619601328903,-0.3289036544850499,-0.3289036544850499,False,False
3026,3026,2026-04-13,2026-04-14,2026-04-21,2026,0.8319620253164557,5,True,False,True,True,True,-0.08974358974358965,0.0005,0.00635,-0.09609358974358964,-0.09829059829059839,0.002136752136752129,False,False
3058,3058,2023-04-20,2023-04-21,2023-04-28,2023,0.8599683544303798,5,False,False,True,True,False,0.06470588235294117,0.0005,0.00635,0.05835588235294117,-0.0,0.13921568627450986,False,False
3073,3073,2025-05-06,2025-05-07,2025-05-14,2025,0.9525316455696202,5,True,False,True,True,True,-0.017821782178217838,0.0005,0.00635,-0.02417178217821784,-0.08910891089108919,-0.06534653465346518,False,False
3081,3081,2024-09-02,2024-09-03,2024-09-10,2024,0.8848101265822785,5,True,False,True,True,True,-0.1336898395721926,0.0005,0.00635,-0.1400398395721926,-0.1657754010695187,-0.02406417112299475,False,False
3081,3081,2026-08-07,2026-08-10,2026-08-17,2026,0.7933544303797468,5,True,False,True,False,False,-0.1160000000000001,0.0005,0.00635,-0.1223500000000001,-0.1379999999999999,-0.06600000000000006,False,True
3085,3085,2024-09-23,2024-09-24,2024-10-01,2024,0.9001582278481013,5,False,False,True,True,False,0.11040339702760094,0.0005,0.00635,0.10405339702760094,-0.0,0.09554140127388533,False,False
3089,3089,2023-06-28,2023-06-29,2023-07-06,2023,0.8908227848101267,5,False,False,True,True,False,-0.3127962085308056,0.0005,0.00635,-0.3191462085308056,-0.4549763033175356,-0.3270142180094786,False,False
3090,3090,2026-06-18,2026-06-22,2026-06-29,2026,0.7996835443037975,5,True,False,True,True,True,0.1032448377581121,0.0005,0.00635,0.09689483775811211,-0.07669616519174038,0.053097345132743334,False,False
3092,3092,2025-12-30,2025-12-31,2026-01-08,2025,0.7795886075949368,5,True,False,True,True,True,-0.1399999999999999,0.0005,0.00635,-0.1463499999999999,-0.17599999999999993,-0.03200000000000003,False,False
3092,3092,2026-03-02,2026-03-03,2026-03-10,2026,0.8474683544303798,5,True,False,True,True,True,0.1400832177531206,0.0005,0.00635,0.1337332177531206,-0.12343966712898768,0.0554785020804438,False,False
3114,3114,2026-06-05,2026-06-08,2026-06-15,2026,0.8212025316455697,5,True,False,False,True,False,-0.07950310559006213,0.0005,0.00635,-0.08585310559006212,-0.21242236024844718,0.011180124223602594,True,False
3122,3122,2025-06-30,2025-07-01,2025-07-08,2025,0.7974683544303798,5,True,False,True,True,True,-0.05208333333333326,0.0005,0.00635,-0.05843333333333326,-0.10763888888888884,0.01215277777777779,False,False
3191,3191,2023-07-13,2023-07-14,2023-07-21,2023,0.8096518987341772,5,False,False,True,True,False,-0.07954545454545459,0.0005,0.00635,-0.08589545454545458,-0.11742424242424243,0.0719696969696969,False,False
3191,3191,2026-05-27,2026-05-28,2026-06-04,2026,0.8191455696202532,5,False,False,True,True,False,0.10810810810810811,0.0005,0.00635,0.10175810810810812,-0.1642411642411643,0.06652806652806653,False,False
3219,3219,2025-08-28,2025-08-29,2025-09-05,2025,0.9066455696202531,5,True,False,True,True,True,0.06306306306306309,0.0005,0.00635,0.056713063063063084,-0.009009009009008917,0.06306306306306309,False,False
3228,3228,2026-04-23,2026-04-24,2026-05-04,2026,0.8841772151898735,5,False,False,True,True,False,0.05437352245862881,0.0005,0.00635,0.04802352245862881,-0.12056737588652489,0.06382978723404253,False,False
3230,3230,2025-07-30,2025-07-31,2025-08-07,2025,0.7973101265822785,5,True,False,True,True,True,-0.07578947368421063,0.0005,0.00635,-0.08213947368421062,-0.11578947368421044,-0.08421052631578951,False,False
3284,3284,2024-08-15,2024-08-16,2024-08-23,2024,0.91123417721519,5,True,False,True,True,True,0.18896551724137933,0.0005,0.00635,0.18261551724137934,-0.0013793103448274113,0.09241379310344833,False,False
3285,3285,2026-06-16,2026-06-17,2026-06-25,2026,0.8014240506329113,5,True,False,True,True,True,0.0033039647577092213,0.0005,0.00635,-0.0030460352422907785,-0.1784140969162995,-0.005506607929515406,False,False
3288,3288,2024-01-04,2024-01-05,2024-01-12,2024,0.9411392405063291,5,False,False,True,True,False,0.18479532163742685,0.0005,0.00635,0.17844532163742685,-0.0,0.1485380116959064,False,False
3288,3288,2026-07-20,2026-07-21,2026-07-28,2026,0.9761075949367088,5,False,False,True,True,False,0.1309904153354633,0.0005,0.00635,0.1246404153354633,-0.0,0.27635782747603843,False,False
3294,3294,2024-01-31,2024-02-01,2024-02-19,2024,0.9037974683544303,5,True,False,True,True,True,-0.43533123028391163,0.0005,0.00635,-0.44168123028391165,-0.43533123028391163,-0.3091482649842272,False,False
3297,3297,2024-06-26,2024-06-27,2024-07-04,2024,0.8887658227848101,5,True,False,True,True,True,-0.15859030837004418,0.0005,0.00635,-0.16494030837004417,-0.1600587371512483,0.03671071953010274,False,False
3297,3297,2025-05-26,2025-05-27,2025-06-04,2025,0.7849683544303797,5,True,False,True,True,True,0.1378555798687091,0.0005,0.00635,0.13150557986870912,-0.045951859956236296,0.14660831509846828,False,False
3323,3323,2025-09-11,2025-09-12,2025-09-19,2025,0.8401898734177216,5,True,False,True,True,True,0.17013888888888895,0.0005,0.00635,0.16378888888888896,-0.003472222222222099,0.15538194444444453,False,False
3349,3349,2025-02-07,2025-02-10,2025-02-17,2025,0.8098101265822785,5,False,False,True,True,False,0.05833333333333324,0.0005,0.00635,0.051983333333333236,-0.025000000000000133,0.11249999999999993,False,False
3354,3354,2025-12-29,2025-12-30,2026-01-07,2025,0.7892405063291139,5,True,False,True,True,True,0.2052785923753666,0.0005,0.00635,0.19892859237536661,-0.0029325513196480912,0.19354838709677424,False,False
3360,3360,2024-01-30,2024-01-31,2024-02-16,2024,0.9034810126582279,5,True,False,True,True,True,0.01210653753026636,0.0005,0.00635,0.005756537530266359,-0.10411622276029076,0.07506053268765123,False,False
3372,3372,2024-03-05,2024-03-06,2024-03-13,2024,0.870253164556962,5,True,False,True,True,True,0.17745302713987476,0.0005,0.00635,0.17110302713987477,-0.010438413361169019,0.14196242171189977,False,False
3379,3379,2025-01-17,2025-01-20,2025-02-05,2025,0.9237341772151899,5,True,False,True,True,True,0.12580645161290316,0.0005,0.00635,0.11945645161290316,-0.004838709677419395,0.13064516129032255,False,False
3388,3388,2026-04-20,2026-04-21,2026-04-28,2026,0.8626582278481012,5,True,False,True,True,True,0.09913793103448276,0.0005,0.00635,0.09278793103448277,-0.07758620689655182,0.03448275862068961,False,False
3406,3406,2026-08-31,2026-09-01,2026-09-08,2026,0.8803797468354431,5,True,False,True,True,True,-0.004975124378109541,0.0005,0.00635,-0.01132512437810954,-0.08457711442786064,-0.04975124378109452,False,False
3430,3430,2026-04-23,2026-04-24,2026-05-04,2026,0.8075949367088608,5,True,False,True,False,False,-0.12133891213389125,0.0005,0.00635,-0.12768891213389125,-0.12133891213389125,-0.012552301255230214,False,True
3434,3434,2025-04-16,2025-04-17,2025-04-24,2025,0.8492088607594936,5,True,False,True,True,True,0.15229110512129385,0.0005,0.00635,0.14594110512129385,-0.009433962264151052,0.20485175202156336,False,False
3437,3437,2023-11-27,2023-11-28,2023-12-05,2023,0.7813291139240506,5,True,False,True,True,True,-0.1292035398230087,0.0005,0.00635,-0.1355535398230087,-0.23893805309734506,-0.1628318584070796,False,False
3437,3437,2026-03-17,2026-03-18,2026-03-25,2026,0.9768987341772152,5,True,False,True,True,True,0.07346938775510203,0.0005,0.00635,0.06711938775510204,-0.0897959183673469,0.09591836734693882,False,False
3441,3441,2026-08-27,2026-08-28,2026-09-04,2026,0.7889240506329114,5,True,False,True,False,False,-0.032490974729241895,0.0005,0.00635,-0.038840974729241896,-0.03971119133573997,-0.0072202166064982976,False,True
3447,3447,2024-10-25,2024-10-28,2024-11-05,2024,0.8740506329113924,5,True,False,True,True,True,-0.00749999999999984,0.0005,0.00635,-0.01384999999999984,-0.0625,-0.03249999999999997,False,False
3455,3455,2026-04-10,2026-04-13,2026-04-20,2026,0.9303797468354431,5,True,False,True,False,False,-0.13404825737265424,0.0005,0.00635,-0.14039825737265424,-0.13404825737265424,0.002680965147453085,False,True
3466,3466,2024-05-07,2024-05-08,2024-05-15,2024,0.8920886075949367,5,True,False,True,False,False,-0.04607508532423199,0.0005,0.00635,-0.05242508532423199,-0.04607508532423199,0.04436860068259385,False,True
3498,3498,2026-05-15,2026-05-18,2026-05-25,2026,0.9322784810126582,5,True,False,True,True,True,-0.07070707070707072,0.0005,0.00635,-0.07705707070707071,-0.1077441077441077,0.013468013468013518,False,False
3508,3508,2026-02-06,2026-02-09,2026-02-25,2026,0.7803797468354431,5,False,False,True,True,False,-0.00694444444444442,0.0005,0.00635,-0.01329444444444442,-0.08333333333333326,-0.02499999999999991,False,False
3523,3523,2026-05-29,2026-06-01,2026-06-08,2026,0.9658227848101266,5,False,False,True,True,False,-0.07999999999999985,0.0005,0.00635,-0.08634999999999984,-0.3285714285714285,-0.3285714285714285,False,False
3550,3550,2024-08-28,2024-08-29,2024-09-05,2024,0.9536392405063292,5,True,False,True,True,True,0.03285420944558526,0.0005,0.00635,0.026504209445585257,-0.07597535934291577,-0.028747433264886935,False,False
3555,3555,2024-04-10,2024-04-11,2024-04-18,2024,0.8664556962025316,5,False,False,True,True,False,0.1483375959079285,0.0005,0.00635,0.1419875959079285,-0.037084398976982014,0.20588235294117652,False,False
3555,3555,2025-08-14,2025-08-15,2025-08-22,2025,0.9778481012658228,5,False,False,True,True,False,-0.09734513274336276,0.0005,0.00635,-0.10369513274336276,-0.22654867256637168,-0.22477876106194694,False,False
3564,3564,2023-07-06,2023-07-07,2023-07-14,2023,0.860759493670886,5,False,False,True,True,False,0.055379746835443,0.0005,0.00635,0.049029746835443,-0.020569620253164445,0.09810126582278489,False,False
3576,3576,2026-03-02,2026-03-03,2026-03-10,2026,0.9844936708860759,5,False,False,True,True,False,0.2556390977443609,0.0005,0.00635,0.2492890977443609,-0.003759398496240518,0.15225563909774442,False,False
3581,3581,2024-06-27,2024-06-28,2024-07-05,2024,0.8575949367088608,5,True,False,True,True,True,-0.2025862068965516,0.0005,0.00635,-0.2089362068965516,-0.20474137931034475,-0.015086206896551824,False,False
3581,3581,2025-10-03,2025-10-07,2025-10-15,2025,0.786867088607595,5,True,False,True,True,True,0.019908116385911168,0.0005,0.00635,0.013558116385911168,-0.018376722817764257,0.019908116385911168,False,False
3581,3581,2026-04-15,2026-04-16,2026-04-23,2026,0.870253164556962,5,True,False,True,True,True,-0.4470046082949308,0.0005,0.00635,-0.45335460829493085,-0.5944700460829493,-0.32258064516129026,False,False
3593,3593,2024-07-11,2024-07-12,2024-07-19,2024,0.9341772151898734,5,False,False,True,True,False,0.04761904761904767,0.0005,0.00635,0.04126904761904767,-0.028571428571428692,0.06666666666666665,False,False
3624,3624,2026-06-22,2026-06-23,2026-06-30,2026,0.9231012658227848,5,True,False,True,False,False,0.1133720930232558,0.0005,0.00635,0.1070220930232558,-0.03488372093023262,0.19186046511627908,False,True
3629,3629,2023-03-27,2023-03-28,2023-04-07,2023,0.852373417721519,5,False,False,True,True,False,0.18039538714991765,0.0005,0.00635,0.17404538714991766,-0.0,0.19686985172981886,False,False
3629,3629,2024-04-02,2024-04-03,2024-04-12,2024,0.8514240506329114,5,False,False,True,True,False,0.05863192182410426,0.0005,0.00635,0.05228192182410426,-0.1596091205211727,0.11237785016286639,False,False
3631,3631,2026-04-23,2026-04-24,2026-05-04,2026,0.8408227848101266,5,True,False,True,True,True,0.04250000000000009,0.0005,0.00635,0.03615000000000009,-0.006250000000000089,0.05249999999999999,False,False
3664,3664,2026-09-02,2026-09-03,2026-09-10,2026,0.829746835443038,5,False,False,True,True,False,0.1624309392265194,0.0005,0.00635,0.15608093922651942,-0.013259668508287303,0.22430939226519353,False,False
3685,3685,2025-08-25,2025-08-26,2025-09-02,2025,0.828006329113924,5,False,False,True,True,False,-0.3057142857142858,0.0005,0.00635,-0.31206428571428585,-0.3142857142857143,-0.18571428571428572,False,False
3709,3709,2025-04-25,2025-04-28,2025-05-06,2025,0.7895569620253164,5,True,False,True,True,True,0.03131524008350728,0.0005,0.00635,0.024965240083507277,-0.04279749478079342,0.01565762004175364,False,False
4127,4127,2026-05-25,2026-05-26,2026-06-02,2026,0.997626582278481,5,True,False,True,True,True,0.007246376811594235,0.0005,0.00635,0.0008963768115942353,-0.08405797101449264,-0.0,False,False
4139,4139,2026-07-17,2026-07-20,2026-07-27,2026,0.9150316455696202,5,False,False,True,True,False,-0.051315789473684204,0.0005,0.00635,-0.057665789473684205,-0.13157894736842102,-0.11578947368421044,False,False
4154,4154,2023-08-16,2023-08-17,2023-08-24,2023,0.9120253164556962,5,False,False,True,True,False,0.28266666666666673,0.0005,0.00635,0.2763166666666667,-0.0,0.256,False,False
4171,4171,2025-10-29,2025-10-30,2025-11-06,2025,0.9275316455696203,5,True,False,True,True,True,0.1647286821705426,0.0005,0.00635,0.1583786821705426,-0.005813953488372103,0.12403100775193798,False,False
4188,4188,2023-07-25,2023-07-26,2023-08-02,2023,0.8245253164556963,5,False,False,True,True,False,0.21403508771929824,0.0005,0.00635,0.20768508771929825,-0.04385964912280693,0.18771929824561406,False,False
4188,4188,2026-08-27,2026-08-28,2026-09-04,2026,0.9765822784810126,5,False,False,True,True,False,0.18130311614730876,0.0005,0.00635,0.17495311614730877,-0.0,0.178470254957507,False,False
4198,4198,2024-04-02,2024-04-03,2024-04-12,2024,0.9895569620253164,5,False,False,True,True,False,-0.029296875,0.0005,0.00635,-0.035646875,-0.208984375,-0.046875,False,False
4304,4304,2024-06-28,2024-07-01,2024-07-08,2024,0.8231012658227848,5,False,False,True,True,False,-0.03192702394526803,0.0005,0.00635,-0.03827702394526803,-0.459521094640821,-0.22006841505131125,False,False
4304,4304,2026-08-21,2026-08-24,2026-08-31,2026,0.9640822784810127,5,False,False,True,True,False,0.10442477876106193,0.0005,0.00635,0.09807477876106194,-0.0,0.12743362831858407,False,False
4419,4419,2024-06-17,2024-06-18,2024-06-25,2024,0.804746835443038,5,False,False,True,True,False,-0.04421768707482987,0.0005,0.00635,-0.05056768707482987,-0.07653061224489788,0.04251700680272108,False,False
4529,4529,2024-01-16,2024-01-17,2024-01-24,2024,0.9153481012658228,5,False,False,True,True,False,0.009740259740259716,0.0005,0.00635,0.003390259740259716,-0.009740259740259827,0.03246753246753242,False,False
4529,4529,2026-04-28,2026-04-29,2026-05-07,2026,0.9854430379746835,5,False,False,True,True,False,0.30243161094224924,0.0005,0.00635,0.2960816109422492,-0.0,0.237082066869301,False,False
4534,4534,2024-07-04,2024-07-05,2024-07-12,2024,0.9341772151898734,5,False,False,True,True,False,0.08794788273615628,0.0005,0.00635,0.08159788273615629,-0.004885993485342022,0.07654723127035823,False,False
4543,4543,2023-06-01,2023-06-02,2023-06-09,2023,0.8651898734177215,5,True,False,True,False,False,-0.09090909090909105,0.0005,0.00635,-0.09725909090909104,-0.09090909090909105,-0.009469696969697017,False,True
4551,4551,2026-06-18,2026-06-22,2026-06-29,2026,0.9569620253164557,5,True,False,True,True,True,0.0044345898004434225,0.0005,0.00635,-0.0019154101995565772,-0.15521064301552112,-0.10643015521064303,False,False
4562,4562,2024-05-10,2024-05-13,2024-05-20,2024,0.9325949367088607,5,True,False,True,True,True,0.026981450252950956,0.0005,0.00635,0.020631450252950954,-0.07588532883642496,-0.01180438448566612,False,False
4562,4562,2024-07-05,2024-07-08,2024-07-15,2024,0.832753164556962,5,True,False,True,True,True,0.17639429312581056,0.0005,0.00635,0.17004429312581057,-0.03891050583657596,0.13748378728923472,False,False
4569,4569,2024-09-05,2024-09-06,2024-09-13,2024,0.9602848101265823,5,False,False,True,True,False,-0.31666666666666665,0.0005,0.00635,-0.3230166666666667,-0.34444444444444455,-0.2694444444444444,False,False
4714,4714,2024-02-19,2024-02-20,2024-02-27,2024,0.8518987341772153,5,True,False,True,True,True,-0.050000000000000044,0.0005,0.00635,-0.056350000000000046,-0.11904761904761907,-0.09523809523809534,False,False
4729,4729,2024-08-22,2024-08-23,2024-08-30,2024,0.8186708860759493,5,True,False,True,True,True,-0.045714285714285596,0.0005,0.00635,-0.0520642857142856,-0.11238095238095225,-0.024761904761904763,False,False
4741,4741,2026-03-31,2026-04-01,2026-04-10,2026,0.8215189873417721,5,True,False,True,False,False,-0.33766233766233755,0.0005,0.00635,-0.3440123376623376,-0.33766233766233755,-0.19090909090909092,False,True
4764,4764,2025-10-22,2025-10-23,2025-10-31,2025,0.8968354430379747,5,True,False,True,True,True,-0.15384615384615374,0.0005,0.00635,-0.16019615384615374,-0.2715855572998429,-0.19309262166405028,False,False
4764,4764,2026-04-14,2026-04-15,2026-04-22,2026,0.8765822784810127,5,True,False,True,True,True,-0.1871657754010696,0.0005,0.00635,-0.1935157754010696,-0.36898395721925126,-0.24866310160427818,False,False
4804,4804,2024-07-16,2024-07-17,2024-07-26,2024,0.8531645569620253,5,False,False,True,True,False,0.11904761904761907,0.0005,0.00635,0.11269761904761907,-0.14603174603174596,0.023809523809523725,False,False
4804,4804,2025-06-27,2025-06-30,2025-07-07,2025,0.8363924050632912,5,False,False,True,True,False,-0.04340567612687818,0.0005,0.00635,-0.04975567612687818,-0.13856427378964953,-0.06343906510851416,False,False
4806,4806,2023-10-19,2023-10-20,2023-10-27,2023,0.9965189873417721,5,False,False,True,True,False,0.12037037037037046,0.0005,0.00635,0.11402037037037047,-0.10185185185185186,0.06481481481481488,False,False
4905,4905,2026-03-23,2026-03-24,2026-03-31,2026,0.9876582278481012,5,True,False,True,True,True,0.24622641509433962,0.0005,0.00635,0.23987641509433963,-0.014150943396226356,0.17924528301886788,False,False
4908,4908,2026-09-01,2026-09-02,2026-09-09,2026,0.798259493670886,5,True,False,True,True,True,-0.06607929515418509,0.0005,0.00635,-0.07242929515418509,-0.07048458149779746,0.017621145374449365,False,False
4943,4943,2024-03-07,2024-03-08,2024-03-15,2024,0.8503164556962025,5,False,False,True,True,False,0.0361216730038022,0.0005,0.00635,0.0297716730038022,-0.07984790874524705,0.049429657794676785,False,False
4946,4946,2025-02-11,2025-02-12,2025-02-19,2025,0.9325949367088608,5,False,False,True,False,False,-0.07346326836581696,0.0005,0.00635,-0.07981326836581695,-0.098950524737631,0.008995502248875686,False,True
4946,4946,2025-03-12,2025-03-13,2025-03-20,2025,0.8465189873417721,5,False,False,True,True,False,0.1026785714285714,0.0005,0.00635,0.0963285714285714,-0.008928571428571397,0.0982142857142857,False,False
4950,4950,2024-09-12,2024-09-13,2024-09-23,2024,0.9566455696202532,5,False,False,True,True,False,-0.1056910569105689,0.0005,0.00635,-0.1120410569105689,-0.2601626016260161,-0.1707317073170731,False,False
4951,4951,2026-04-30,2026-05-04,2026-05-11,2026,0.9533227848101267,5,True,False,True,True,True,0.061776061776061764,0.0005,0.00635,0.05542606177606176,-0.10810810810810811,-0.019305019305019266,False,False
4960,4960,2026-04-16,2026-04-17,2026-04-24,2026,0.780379746835443,5,True,False,True,True,True,-0.16666666666666674,0.0005,0.00635,-0.17301666666666674,-0.415929203539823,-0.32595870206489685,False,False
4971,4971,2025-02-12,2025-02-13,2025-02-20,2025,0.9721518987341772,5,True,False,True,True,True,-0.120253164556962,0.0005,0.00635,-0.126603164556962,-0.17405063291139244,-0.06962025316455689,False,False
4973,4973,2026-03-13,2026-03-16,2026-03-23,2026,0.9640822784810126,5,True,False,True,True,True,-0.10709318497913745,0.0005,0.00635,-0.11344318497913744,-0.3657858136300416,-0.3657858136300416,False,False
4989,4989,2025-10-09,2025-10-13,2025-10-20,2025,0.8911392405063291,5,True,False,True,True,True,0.022757697456492698,0.0005,0.00635,0.016407697456492697,-0.14859437751004,0.04953145917001345,False,False
5301,5301,2024-05-02,2024-05-03,2024-05-10,2024,0.8125,5,False,False,True,True,False,-0.007633587786259444,0.0005,0.00635,-0.013983587786259443,-0.08015267175572527,0.011450381679389388,False,False
5314,5314,2023-04-12,2023-04-13,2023-04-20,2023,0.8265822784810126,5,False,False,True,True,False,0.052238805970149294,0.0005,0.00635,0.04588880597014929,-0.07649253731343286,-0.003731343283581934,False,False
5314,5314,2023-11-17,2023-11-20,2023-11-27,2023,0.940506329113924,5,False,False,True,True,False,0.07758620689655171,0.0005,0.00635,0.07123620689655172,-0.010344827586207028,0.1396551724137931,False,False
5314,5314,2024-01-15,2024-01-16,2024-01-23,2024,0.8962025316455696,5,True,False,True,True,True,-0.06034482758620685,0.0005,0.00635,-0.06669482758620685,-0.06896551724137923,-0.004310344827586299,False,False
5314,5314,2024-03-05,2024-03-06,2024-03-13,2024,0.9085443037974683,5,True,False,True,True,True,0.07129094412331405,0.0005,0.00635,0.06494094412331405,-0.05394990366088637,0.1290944123314065,False,False
5314,5314,2025-07-14,2025-07-15,2025-07-22,2025,0.8207278481012659,5,True,False,True,True,True,-0.04078762306610417,0.0005,0.00635,-0.047137623066104174,-0.09704641350210985,0.029535864978902926,False,False
5314,5314,2025-09-08,2025-09-09,2025-09-16,2025,0.8561708860759494,5,True,False,True,True,True,-0.0,0.0005,0.00635,-0.00635,-0.04661016949152552,0.012711864406779627,False,False
5321,5321,2026-05-21,2026-05-22,2026-05-29,2026,0.9106012658227848,5,True,False,True,True,True,-0.3419023136246788,0.0005,0.00635,-0.34825231362467884,-0.4601542416452442,-0.3290488431876608,False,False
5328,5328,2026-01-19,2026-01-20,2026-01-27,2026,0.8015822784810127,5,True,False,True,True,True,0.09763779527559058,0.0005,0.00635,0.09128779527559058,-0.08031496062992116,0.08818897637795275,False,False
5340,5340,2023-01-06,2023-01-09,2023-01-16,2023,0.8215189873417721,5,False,False,True,True,False,-0.02857142857142847,0.0005,0.00635,-0.03492142857142847,-0.042236024844720665,-0.00248447204968949,False,False
5345,5345,2024-06-27,2024-06-28,2024-07-05,2024,0.9734177215189874,5,False,False,True,True,False,-0.5623529411764707,0.0005,0.00635,-0.5687029411764707,-0.6047058823529412,-0.3270588235294116,False,False
5345,5345,2026-06-11,2026-06-12,2026-06-22,2026,0.9781645569620253,5,False,False,True,True,False,0.09476661951909482,0.0005,0.00635,0.08841661951909482,-0.07637906647807635,0.1089108910891089,False,False
5351,5351,2026-08-07,2026-08-10,2026-08-17,2026,0.8259493670886076,5,True,False,True,True,True,-0.2604651162790699,0.0005,0.00635,-0.2668151162790699,-0.28372093023255807,-0.19999999999999996,False,False
5386,5386,2024-03-13,2024-03-14,2024-03-21,2024,0.8158227848101265,5,True,False,True,True,True,0.08681318681318684,0.0005,0.00635,0.08046318681318684,-0.026373626373626502,0.05274725274725267,False,False
5426,5426,2026-06-05,2026-06-08,2026-06-15,2026,0.985126582278481,5,True,False,True,False,False,-0.29454545454545467,0.0005,0.00635,-0.3008954545454547,-0.3109090909090908,-0.18000000000000016,False,True
5464,5464,2026-05-07,2026-05-08,2026-05-15,2026,0.8490506329113924,5,True,False,True,True,True,-0.08969465648854968,0.0005,0.00635,-0.09604465648854968,-0.31106870229007644,-0.1832061068702291,False,False
5464,5464,2026-06-25,2026-06-26,2026-07-03,2026,0.8539556962025316,5,True,False,True,True,True,0.046511627906976716,0.0005,0.00635,0.040161627906976714,-0.013953488372093092,0.051162790697674376,False,False
5468,5468,2026-06-16,2026-06-17,2026-06-25,2026,0.8772151898734177,5,False,False,True,True,False,-0.10905730129390023,0.0005,0.00635,-0.11540730129390023,-0.3419593345656191,-0.3419593345656191,False,False
5484,5484,2024-07-04,2024-07-05,2024-07-12,2024,0.8099683544303797,5,False,False,True,True,False,0.36923076923076925,0.0005,0.00635,0.36288076923076923,-0.012820512820512775,0.25897435897435894,False,False
5489,5489,2026-06-24,2026-06-25,2026-07-02,2026,0.9268987341772152,5,True,False,True,True,True,0.08823529411764708,0.0005,0.00635,0.08188529411764708,-0.0,0.07058823529411762,False,False
5701,5701,2026-06-04,2026-06-05,2026-06-12,2026,0.9985759493670886,5,False,False,True,False,False,0.2332814930015552,0.0005,0.00635,0.2269314930015552,-0.010886469673405896,0.22550544323483657,False,True
6103,6103,2026-08-27,2026-08-28,2026-09-04,2026,0.9302215189873417,5,True,False,True,True,True,0.2085106382978723,0.0005,0.00635,0.2021606382978723,-0.0,0.057446808510638325,False,False
6113,6113,2024-01-04,2024-01-05,2024-01-12,2024,0.985126582278481,5,True,False,True,True,True,0.02280701754385961,0.0005,0.00635,0.016457017543859608,-0.07543859649122808,-0.029824561403508865,False,False
6116,6116,2026-01-08,2026-01-09,2026-01-16,2026,0.7996835443037975,5,True,False,True,True,True,0.15622317596566526,0.0005,0.00635,0.14987317596566527,-0.0,0.16480686695278968,False,False
6116,6116,2026-05-28,2026-05-29,2026-06-05,2026,0.8237341772151898,5,True,False,True,True,True,-0.11818181818181817,0.0005,0.00635,-0.12453181818181816,-0.37575757575757573,-0.37575757575757573,False,False
6117,6117,2023-07-06,2023-07-07,2023-07-14,2023,0.8102848101265823,5,True,False,True,True,True,-0.027667984189723382,0.0005,0.00635,-0.034017984189723384,-0.059288537549407216,0.0039525691699605625,False,False
6127,6127,2026-06-02,2026-06-03,2026-06-10,2026,0.8113924050632911,5,True,False,True,True,True,0.03508771929824561,0.0005,0.00635,0.02873771929824561,-0.14285714285714302,0.045112781954887105,False,False
6144,6144,2024-07-23,2024-07-26,2024-08-02,2024,0.9433544303797468,5,False,False,True,True,False,0.03873239436619713,0.0005,0.00635,0.03238239436619713,-0.08333333333333326,0.015258215962441257,False,False
6144,6144,2024-11-27,2024-11-28,2024-12-05,2024,0.9819620253164556,5,False,False,True,True,False,0.18867924528301883,0.0005,0.00635,0.18232924528301883,-0.0622641509433961,0.1773584905660377,False,False
6148,6148,2025-02-07,2025-02-10,2025-02-17,2025,0.9544303797468354,5,True,False,True,True,True,0.03783102143757877,0.0005,0.00635,0.03148102143757877,-0.04287515762925609,0.020176544766708604,False,False
6160,6160,2023-03-24,2023-03-27,2023-04-06,2023,0.8721518987341772,5,True,False,True,True,True,0.017513134851138368,0.0005,0.00635,0.011163134851138368,-0.01050788091068311,0.014010507880910739,False,False
6182,6182,2026-05-26,2026-05-27,2026-06-03,2026,0.9044303797468354,5,True,False,True,True,True,-0.13466042154566749,0.0005,0.00635,-0.14101042154566748,-0.1885245901639343,-0.135831381733021,False,False
6198,6198,2023-05-17,2023-05-18,2023-05-25,2023,0.9335443037974683,5,False,False,True,True,False,-0.023510971786833812,0.0005,0.00635,-0.029860971786833813,-0.13949843260188088,-0.06896551724137945,False,False
6199,6199,2024-08-01,2024-08-02,2024-08-09,2024,0.78623417721519,5,False,False,True,True,False,-0.2572614107883817,0.0005,0.00635,-0.26361141078838174,-0.30082987551867224,-0.08713692946058083,False,False
6205,6205,2025-12-30,2025-12-31,2026-01-08,2025,0.8268987341772152,5,True,False,True,True,True,0.04299363057324834,0.0005,0.00635,0.03664363057324834,-0.011146496815286566,0.04617834394904452,False,False
6207,6207,2024-04-09,2024-04-10,2024-04-17,2024,0.8395569620253165,5,True,False,True,True,True,-0.04067796610169494,0.0005,0.00635,-0.04702796610169494,-0.09322033898305082,-0.04237288135593231,False,False
6213,6213,2026-08-07,2026-08-10,2026-08-17,2026,0.8984177215189874,5,True,False,True,True,True,-0.13443396226415105,0.0005,0.00635,-0.14078396226415105,-0.15919811320754707,-0.10613207547169812,False,False
6217,6217,2026-02-26,2026-03-02,2026-03-09,2026,0.8207278481012659,5,True,False,True,True,True,0.030097087378640697,0.0005,0.00635,0.023747087378640695,-0.07766990291262132,0.01941747572815533,False,False
6217,6217,2026-03-18,2026-03-19,2026-03-26,2026,0.9082278481012658,5,True,False,True,True,True,0.030470914127423865,0.0005,0.00635,0.024120914127423863,-0.11634349030470914,0.146814404432133,False,False
6218,6218,2024-07-10,2024-07-11,2024-07-18,2024,0.8075949367088607,5,True,False,True,True,True,0.11111111111111105,0.0005,0.00635,0.10476111111111105,-0.04365079365079372,0.12698412698412687,False,False
6218,6218,2026-09-21,2026-09-22,2026-10-01,2026,0.8705696202531645,5,True,False,True,True,True,0.08985507246376812,0.0005,0.00635,0.08350507246376812,-0.0,0.08405797101449275,False,False
6222,6222,2023-12-08,2023-12-11,2023-12-18,2023,0.780379746835443,5,False,False,True,True,False,-0.18918918918918926,0.0005,0.00635,-0.19553918918918925,-0.18918918918918926,0.010810810810810811,False,False
6226,6226,2026-03-18,2026-03-19,2026-03-26,2026,0.9093354430379748,5,False,False,True,True,False,0.10431654676259006,0.0005,0.00635,0.09796654676259006,-0.1294964028776977,0.02877697841726623,False,False
6226,6226,2026-08-28,2026-08-31,2026-09-07,2026,0.9208860759493671,5,True,False,True,True,True,0.08085106382978724,0.0005,0.00635,0.07450106382978725,-0.038297872340425476,0.09219858156028371,False,False
6228,6228,2025-04-16,2025-04-17,2025-04-24,2025,0.9943037974683544,5,True,False,True,False,False,0.21803278688524586,0.0005,0.00635,0.21168278688524586,-0.0,0.30573770491803276,False,True
6230,6230,2024-03-18,2024-03-19,2024-03-26,2024,0.8670886075949367,5,True,False,True,True,True,0.16930022573363435,0.0005,0.00635,0.16295022573363435,-0.018058690744920947,0.11963882618510158,False,False
6265,6265,2025-11-13,2025-11-14,2025-11-21,2025,0.910759493670886,5,True,False,True,True,True,0.19753086419753085,0.0005,0.00635,0.19118086419753086,-0.06172839506172845,0.08148148148148138,False,False
6265,6265,2025-12-31,2026-01-02,2026-01-09,2025,0.9066455696202531,5,True,False,True,True,True,-0.040723981900452566,0.0005,0.00635,-0.04707398190045257,-0.14630467571644057,-0.05580693815987936,False,False
6274,6274,2026-05-07,2026-05-08,2026-05-15,2026,0.8300632911392405,5,True,False,True,True,True,0.06785714285714284,0.0005,0.00635,0.06150714285714284,-0.05714285714285716,-0.03571428571428581,False,False
6274,6274,2026-08-06,2026-08-07,2026-08-14,2026,0.8669303797468355,5,True,False,True,True,True,-0.08766233766233755,0.0005,0.00635,-0.09401233766233755,-0.12337662337662336,-0.03896103896103886,False,False
6278,6278,2026-04-16,2026-04-17,2026-04-24,2026,0.8234177215189873,5,True,False,True,True,True,-0.0,0.0005,0.00635,-0.00635,-0.18965517241379315,-0.08965517241379306,False,False
6291,6291,2023-03-15,2023-03-16,2023-03-23,2023,0.8626582278481013,5,True,False,True,True,True,0.01666666666666672,0.0005,0.00635,0.010316666666666719,-0.046666666666666634,-0.0,False,False
6405,6405,2026-05-04,2026-05-05,2026-05-12,2026,0.9028481012658227,5,True,False,True,True,True,0.05211726384364812,0.0005,0.00635,0.04576726384364812,-0.09446254071661242,-0.04885993485342022,False,False
6405,6405,2026-05-27,2026-05-28,2026-06-04,2026,0.8186708860759494,5,True,False,True,True,True,0.007537688442211032,0.0005,0.00635,0.0011876884422110327,-0.11934673366834181,0.04773869346733661,False,False
6418,6418,2025-08-18,2025-08-19,2025-08-26,2025,0.8212025316455696,5,True,False,True,True,True,0.11049723756906071,0.0005,0.00635,0.10414723756906072,-0.006906077348066253,0.10635359116022103,False,False
6418,6418,2025-09-08,2025-09-09,2025-09-16,2025,0.9316455696202532,5,True,False,True,True,True,-0.023809523809523947,0.0005,0.00635,-0.03015952380952395,-0.025793650793650924,0.029761904761904767,False,False
6419,6419,2026-04-16,2026-04-17,2026-04-24,2026,0.8060126582278481,5,True,False,True,True,True,0.02564102564102566,0.0005,0.00635,0.01929102564102566,-0.1428571428571428,-0.098901098901099,False,False
6426,6426,2024-12-06,2024-12-09,2024-12-16,2024,0.8215189873417722,5,True,False,True,True,True,0.1716894977168949,0.0005,0.00635,0.1653394977168949,-0.009132420091324311,0.12876712328767115,False,False
6442,6442,2024-02-22,2024-02-23,2024-03-04,2024,0.9015822784810127,5,True,False,True,True,True,0.05362776025236593,0.0005,0.00635,0.04727776025236593,-0.018927444794952786,0.0757097791798107,False,False
6443,6443,2025-12-15,2025-12-16,2025-12-23,2025,0.9443037974683544,5,True,False,True,True,True,-0.1601731601731602,0.0005,0.00635,-0.16652316017316018,-0.16450216450216426,0.02164502164502169,False,False
6451,6451,2026-03-18,2026-03-19,2026-03-26,2026,0.8854430379746836,5,True,False,True,True,True,-0.24812030075187974,0.0005,0.00635,-0.25447030075187976,-0.3176691729323309,-0.09022556390977443,False,False
6451,6451,2026-04-13,2026-04-14,2026-04-21,2026,0.9430379746835442,5,True,False,True,True,True,0.05010020040080165,0.0005,0.00635,0.04375020040080165,-0.06212424849699394,-0.012024048096192397,False,False
6465,6465,2026-03-20,2026-03-23,2026-03-30,2026,0.7962025316455696,5,False,False,True,True,False,-0.022222222222222143,0.0005,0.00635,-0.028572222222222145,-0.06666666666666665,-0.03333333333333344,False,False
6482,6482,2023-10-17,2023-10-18,2023-10-25,2023,0.8406645569620252,5,False,False,True,True,False,-0.00746268656716409,0.0005,0.00635,-0.01381268656716409,-0.042910447761193904,0.08768656716417911,False,False
6512,6512,2024-06-04,2024-06-05,2024-06-13,2024,0.7925632911392405,5,False,False,True,True,False,0.11360000000000003,0.0005,0.00635,0.10725000000000004,-0.030399999999999983,0.1664,False,False
6517,6517,2023-03-28,2023-03-29,2023-04-10,2023,0.8408227848101266,5,False,False,True,True,False,-0.3027522935779816,0.0005,0.00635,-0.30910229357798163,-0.3669724770642202,-0.334862385321101,False,False
6525,6525,2026-07-07,2026-07-08,2026-07-16,2026,0.8227848101265822,5,True,False,True,True,True,0.10514018691588789,0.0005,0.00635,0.0987901869158879,-0.032710280373831724,0.15186915887850472,False,False
6541,6541,2024-07-04,2024-07-05,2024-07-12,2024,0.8265822784810126,5,False,False,True,True,False,0.06139154160982263,0.0005,0.00635,0.05504154160982263,-0.0013642564802183177,0.005457025920873049,False,False
6547,6547,2026-03-23,2026-03-24,2026-03-31,2026,0.8177215189873418,5,True,False,True,True,True,0.04340567612687818,0.0005,0.00635,0.03705567612687818,-0.016694490818029983,0.08013355592654414,False,False
6560,6560,2025-05-23,2025-05-26,2025-06-03,2025,0.8512658227848102,5,False,False,True,True,False,0.10761421319796949,0.0005,0.00635,0.1012642131979695,-0.05989847715736052,0.09441624365482226,False,False
6569,6569,2023-07-17,2023-07-18,2023-07-25,2023,0.8302215189873418,5,True,False,True,True,True,-0.06997742663656892,0.0005,0.00635,-0.07632742663656891,-0.10609480812641081,-0.09706546275395045,False,False
6570,6570,2024-08-20,2024-08-21,2024-08-28,2024,0.8528481012658228,5,True,False,True,True,True,0.10769230769230775,0.0005,0.00635,0.10134230769230776,-0.0,0.13461538461538458,False,False
6570,6570,2026-05-26,2026-05-27,2026-06-03,2026,0.810126582278481,5,True,False,True,True,True,0.09480122324159024,0.0005,0.00635,0.08845122324159024,-0.0,0.07492354740061169,False,False
6574,6574,2025-05-28,2025-05-29,2025-06-06,2025,0.9522151898734177,5,False,False,True,True,False,-0.17462311557788945,0.0005,0.00635,-0.18097311557788945,-0.256281407035176,-0.08668341708542715,False,False
6577,6577,2023-06-12,2023-06-13,2023-06-20,2023,0.8610759493670885,5,True,False,True,True,True,-0.050000000000000044,0.0005,0.00635,-0.056350000000000046,-0.16666666666666674,-0.09583333333333344,False,False
6584,6584,2024-02-05,2024-02-15,2024-02-22,2024,0.8322784810126582,5,True,False,True,True,True,-0.1586206896551725,0.0005,0.00635,-0.1649706896551725,-0.28620689655172415,-0.16551724137931045,False,False
6598,6598,2024-06-21,2024-06-24,2024-07-01,2024,0.9830696202531646,5,False,False,True,True,False,0.07185628742514971,0.0005,0.00635,0.06550628742514972,-0.0,0.07784431137724546,False,False
6617,6617,2026-07-06,2026-07-07,2026-07-15,2026,0.9651898734177216,5,True,False,True,True,True,0.026905829596412523,0.0005,0.00635,0.02055582959641252,-0.07623318385650224,0.058295964125560484,False,False
6654,6654,2026-05-29,2026-06-01,2026-06-08,2026,0.9694620253164556,5,True,False,True,True,True,0.00295857988165682,0.0005,0.00635,-0.00339142011834318,-0.0976331360946745,-0.002958579881656709,False,False
6658,6658,2026-04-27,2026-04-28,2026-05-06,2026,0.8403481012658227,5,True,False,True,True,True,-0.16479400749063666,0.0005,0.00635,-0.17114400749063666,-0.25093632958801493,-0.07490636704119846,False,False
6661,6661,2024-07-02,2024-07-03,2024-07-10,2024,0.8412974683544303,5,False,False,True,True,False,0.1039886039886041,0.0005,0.00635,0.0976386039886041,-0.07977207977207978,-0.03418803418803407,False,False
6683,6683,2026-03-12,2026-03-13,2026-03-20,2026,0.8405063291139241,5,True,False,True,False,False,-0.06198347107438007,0.0005,0.00635,-0.06833347107438006,-0.07024793388429762,0.008264462809917328,False,True
6692,6692,2024-07-19,2024-07-22,2024-07-31,2024,0.9161392405063291,5,False,False,True,True,False,0.2241100323624594,0.0005,0.00635,0.21776003236245942,-0.003236245954692629,0.17313915857605167,False,False
6697,6697,2023-05-22,2023-05-23,2023-05-30,2023,0.7912974683544304,5,False,False,True,True,False,-0.0895999999999999,0.0005,0.00635,-0.0959499999999999,-0.23199999999999998,-0.08479999999999999,False,False
6715,6715,2026-03-11,2026-03-12,2026-03-19,2026,0.8582278481012658,5,True,False,True,True,True,-0.17821782178217815,0.0005,0.00635,-0.18456782178217815,-0.1815181518151816,-0.013201320132013139,False,False
6716,6716,2023-11-27,2023-11-28,2023-12-05,2023,0.9787974683544304,5,False,False,True,True,False,0.0980392156862745,0.0005,0.00635,0.0916892156862745,-0.0,0.05228758169934644,False,False
6716,6716,2026-02-24,2026-02-25,2026-03-05,2026,0.814873417721519,5,True,False,True,True,True,0.06200676437429542,0.0005,0.00635,0.05565676437429542,-0.19503945885005636,-0.125140924464487,False,False
6735,6735,2025-09-02,2025-09-03,2025-09-10,2025,0.9,5,True,False,True,True,True,-0.15462427745664753,0.0005,0.00635,-0.16097427745664752,-0.17052023121387272,-0.10260115606936404,False,False
6742,6742,2026-05-21,2026-05-22,2026-05-29,2026,0.8536392405063291,5,True,False,True,True,True,0.050819672131147575,0.0005,0.00635,0.044469672131147574,-0.04426229508196733,0.060655737704918056,False,False
6752,6752,2023-03-03,2023-03-06,2023-03-13,2023,0.782120253164557,5,False,False,True,True,False,0.1486068111455109,0.0005,0.00635,0.1422568111455109,-0.003095975232198178,0.05572755417956654,False,False
6763,6763,2024-10-18,2024-10-21,2024-10-28,2024,0.9484177215189873,5,False,False,True,True,False,-0.28696925329429,0.0005,0.00635,-0.29331925329429004,-0.41727672035139096,-0.3557833089311859,False,False
6791,6791,2023-02-23,2023-02-24,2023-03-07,2023,0.8338607594936709,5,False,False,True,True,False,-0.033295063145809545,0.0005,0.00635,-0.039645063145809546,-0.033295063145809545,-0.0011481056257176547,False,False
6791,6791,2024-10-25,2024-10-28,2024-11-05,2024,0.8504746835443038,5,False,False,True,True,False,-0.02033898305084736,0.0005,0.00635,-0.02668898305084736,-0.08135593220338988,0.04406779661016946,False,False
6821,6821,2026-03-27,2026-03-30,2026-04-08,2026,0.8911392405063291,5,True,False,True,True,True,0.053097345132743334,0.0005,0.00635,0.04674734513274333,-0.09026548672566381,-0.0,False,False
6861,6861,2026-02-26,2026-03-02,2026-03-09,2026,0.9199367088607595,5,True,False,True,True,True,-0.08400000000000007,0.0005,0.00635,-0.09035000000000007,-0.24,-0.21999999999999997,False,False
6869,6869,2024-06-26,2024-06-27,2024-07-04,2024,0.8484177215189873,5,True,False,True,True,True,-0.15801354401805878,0.0005,0.00635,-0.16436354401805878,-0.23927765237020315,-0.2234762979683973,False,False
6872,6872,2026-09-08,2026-09-09,2026-09-16,2026,0.964240506329114,5,False,False,True,True,False,0.060975609756097504,0.0005,0.00635,0.0546256097560975,-0.09959349593495936,0.08536585365853666,False,False
6874,6874,2023-02-17,2023-02-20,2023-03-01,2023,0.9077531645569621,5,False,False,True,True,False,-0.2832369942196531,0.0005,0.00635,-0.2895869942196531,-0.3872832369942196,-0.37572254335260125,False,False
6874,6874,2023-03-23,2023-03-24,2023-03-31,2023,0.8748417721518987,5,False,False,True,True,False,0.14814814814814814,0.0005,0.00635,0.14179814814814815,-0.006172839506172867,0.154320987654321,False,False
6906,6906,2026-05-26,2026-05-27,2026-06-03,2026,0.9493670886075949,5,True,False,True,True,True,-0.03499999999999992,0.0005,0.00635,-0.04134999999999992,-0.14500000000000002,-0.050000000000000044,False,False
6907,6907,2026-02-24,2026-02-25,2026-03-05,2026,0.9560126582278481,5,False,False,True,True,False,-0.20667522464698318,0.0005,0.00635,-0.21302522464698317,-0.3286264441591784,-0.3286264441591784,False,False
6907,6907,2026-03-19,2026-03-20,2026-03-27,2026,0.8142405063291139,5,False,False,True,True,False,0.3371428571428572,0.0005,0.00635,0.33079285714285717,-0.0,0.24285714285714288,False,False
6928,6928,2025-07-30,2025-07-31,2025-08-07,2025,0.9566455696202532,5,True,False,True,True,True,0.07162162162162156,0.0005,0.00635,0.06527162162162156,-0.07567567567567557,0.031081081081081097,False,False
6933,6933,2025-04-17,2025-04-18,2025-04-25,2025,0.7787974683544303,5,True,False,True,True,True,0.054878048780487854,0.0005,0.00635,0.04852804878048785,-0.021341463414634054,0.06707317073170727,False,False
6933,6933,2026-08-31,2026-09-01,2026-09-08,2026,0.8295886075949367,5,True,False,True,True,True,-0.07263513513513509,0.0005,0.00635,-0.07898513513513508,-0.1182432432432432,-0.07094594594594605,False,False
6969,6969,2024-09-25,2024-09-26,2024-10-07,2024,0.9968354430379747,5,False,False,True,True,False,0.05373134328358209,0.0005,0.00635,0.04738134328358209,-0.0,0.03880597014925369,False,False
6969,6969,2026-07-24,2026-07-27,2026-08-03,2026,0.8746835443037975,5,False,False,True,True,False,0.15974842767295605,0.0005,0.00635,0.15339842767295606,-0.0012578616352201255,0.26415094339622647,False,False
7402,7402,2023-03-09,2023-03-10,2023-03-17,2023,0.9781645569620253,5,False,False,True,True,False,-0.04065040650406515,0.0005,0.00635,-0.04700040650406515,-0.1382113821138211,-0.04878048780487809,False,False
7556,7556,2026-04-15,2026-04-16,2026-04-23,2026,0.8003164556962026,5,True,False,True,True,True,-0.13928571428571423,0.0005,0.00635,-0.14563571428571423,-0.1696428571428572,-0.051785714285714324,False,False
7610,7610,2026-06-22,2026-06-23,2026-06-30,2026,0.9481012658227848,5,False,False,True,True,False,0.1097804391217565,0.0005,0.00635,0.1034304391217565,-0.001996007984031989,0.19161676646706582,False,False
7642,7642,2025-06-16,2025-06-17,2025-06-24,2025,0.8155063291139241,5,False,False,True,True,False,0.08949416342412453,0.0005,0.00635,0.08314416342412453,-0.015564202334630295,0.11284046692607008,False,False
7714,7714,2025-04-30,2025-05-02,2025-05-09,2025,0.8063291139240507,5,False,False,True,True,False,0.03412969283276446,0.0005,0.00635,0.027779692832764456,-0.027303754266211566,0.03754266211604096,False,False
7721,7721,2026-03-31,2026-04-01,2026-04-10,2026,0.8229430379746836,5,True,False,True,True,True,-0.09660574412532652,0.0005,0.00635,-0.10295574412532651,-0.1422976501305484,-0.06527415143603132,False,False
7734,7734,2026-04-24,2026-04-27,2026-05-05,2026,0.9370253164556962,5,True,False,True,True,True,-0.02216066481994461,0.0005,0.00635,-0.02851066481994461,-0.07894736842105265,0.056786703601108046,False,False
7772,7772,2026-09-22,2026-09-23,2026-10-02,2026,0.7780063291139241,5,False,False,True,True,False,0.0653266331658291,0.0005,0.00635,0.058976633165829094,-0.0,0.11557788944723613,False,False
8045,8045,2025-01-09,2025-01-10,2025-01-17,2025,0.8634493670886076,5,False,False,True,True,False,-0.0304347826086957,0.0005,0.00635,-0.0367847826086957,-0.034782608695652195,0.04347826086956519,False,False
8045,8045,2025-07-30,2025-07-31,2025-08-07,2025,0.9482594936708861,5,True,False,True,True,True,-0.09090909090909083,0.0005,0.00635,-0.09725909090909082,-0.12440191387559807,-0.03349282296650724,False,False
8047,8047,2025-10-08,2025-10-09,2025-10-17,2025,0.8738924050632911,5,False,False,True,False,False,-0.33053691275167774,0.0005,0.00635,-0.33688691275167776,-0.33053691275167774,-0.10067114093959728,False,True
8064,8064,2026-05-05,2026-05-06,2026-05-13,2026,0.8859177215189873,5,True,False,True,True,True,0.07058823529411762,0.0005,0.00635,0.06423823529411762,-0.0,0.1098039215686275,False,False
8069,8069,2026-05-13,2026-05-14,2026-05-21,2026,0.8689873417721519,5,True,False,True,True,True,-0.062211981566820285,0.0005,0.00635,-0.06856198156682028,-0.0875576036866359,-0.02304147465437789,False,False
8077,8077,2024-04-16,2024-04-17,2024-04-24,2024,0.9857594936708861,5,False,False,True,True,False,0.1172761664564943,0.0005,0.00635,0.11092616645649431,-0.020176544766708826,0.1563682219419923,False,False
8080,8080,2024-08-26,2024-08-27,2024-09-03,2024,0.9303797468354431,5,False,False,True,True,False,-0.4003724394785848,0.0005,0.00635,-0.40672243947858483,-0.43947858472998136,-0.3202979515828679,False,False
8080,8080,2026-01-14,2026-01-15,2026-01-22,2026,0.805379746835443,5,False,False,True,True,False,0.17068062827225128,0.0005,0.00635,0.16433062827225128,-0.0,0.14240837696335074,False,False
8089,8089,2023-11-24,2023-11-27,2023-12-04,2023,0.8838607594936709,5,True,False,True,False,False,-0.25298013245033113,0.0005,0.00635,-0.25933013245033115,-0.25298013245033113,-0.0927152317880795,False,True
8092,8092,2026-04-22,2026-04-23,2026-04-30,2026,0.954746835443038,5,False,False,True,True,False,0.15281501340482562,0.0005,0.00635,0.14646501340482562,-0.0,0.13404825737265413,False,False
8093,8093,2023-07-07,2023-07-10,2023-07-17,2023,0.9645569620253165,5,False,False,True,True,False,0.024299065420560706,0.0005,0.00635,0.017949065420560704,-0.029906542056074903,0.04672897196261683,False,False
8096,8096,2026-01-30,2026-02-02,2026-02-09,2026,0.9363924050632911,5,True,False,True,True,True,0.15123859191655808,0.0005,0.00635,0.1448885919165581,-0.01303780964797907,0.13298565840938725,False,False
8110,8110,2025-11-12,2025-11-13,2025-11-20,2025,0.9787974683544304,5,True,False,True,True,True,0.11822660098522175,0.0005,0.00635,0.11187660098522176,-0.03694581280788167,0.12561576354679804,False,False
8201,8201,2025-08-25,2025-08-26,2025-09-02,2025,0.9575949367088608,5,False,False,True,True,False,0.12371134020618546,0.0005,0.00635,0.11736134020618547,-0.01804123711340222,0.07216494845360821,False,False
8227,8227,2026-09-11,2026-09-14,2026-09-21,2026,0.8879746835443038,5,True,False,True,True,True,-0.19542619542619533,0.0005,0.00635,-0.20177619542619532,-0.19542619542619533,-0.07276507276507282,False,False
8249,8249,2024-09-13,2024-09-16,2024-09-24,2024,0.8357594936708861,5,True,False,True,True,True,-0.09601449275362306,0.0005,0.00635,-0.10236449275362305,-0.15217391304347827,-0.021739130434782483,False,False
8271,8271,2026-04-22,2026-04-23,2026-04-30,2026,0.785759493670886,5,True,False,True,True,True,0.13555992141453832,0.0005,0.00635,0.12920992141453833,-0.005893909626718985,0.11591355599214148,False,False
8291,8291,2026-04-29,2026-04-30,2026-05-08,2026,0.8822784810126583,5,False,False,True,False,False,-0.6054421768707481,0.0005,0.00635,-0.611792176870748,-0.6054421768707481,-0.32879818594104315,False,True
8374,8374,2024-05-28,2024-05-29,2024-06-05,2024,0.9683544303797469,5,True,False,True,True,True,-0.2132352941176472,0.0005,0.00635,-0.21958529411764718,-0.34191176470588247,-0.32720588235294135,False,False
8374,8374,2024-07-05,2024-07-08,2024-07-15,2024,0.9753164556962025,5,True,False,True,True,True,0.23611111111111116,0.0005,0.00635,0.22976111111111117,-0.0,0.26041666666666663,False,False
8404,8404,2024-10-07,2024-10-08,2024-10-16,2024,0.7935126582278481,5,True,False,True,True,True,-0.01873935264054505,0.0005,0.00635,-0.02508935264054505,-0.03407155025553665,0.011925042589437829,False,False
8422,8422,2026-01-14,2026-01-15,2026-01-22,2026,0.9139240506329114,5,True,False,True,True,True,0.12153518123667373,0.0005,0.00635,0.11518518123667373,-0.0031982942430703876,0.09701492537313428,True,False
8426,8426,2023-05-18,2023-05-19,2023-05-26,2023,0.8819620253164557,5,True,False,True,True,True,0.05517241379310345,0.0005,0.00635,0.048822413793103446,-0.048275862068965614,0.03448275862068961,False,False
8438,8438,2026-01-02,2026-01-05,2026-01-12,2026,0.9112341772151898,5,True,False,True,True,True,-0.12581344902386116,0.0005,0.00635,-0.13216344902386115,-0.1388286334056399,-0.12581344902386116,False,False
8454,8454,2026-06-03,2026-06-04,2026-06-11,2026,0.8930379746835443,5,True,False,True,True,True,-0.3112582781456954,0.0005,0.00635,-0.3176082781456954,-0.5463576158940397,-0.4122516556291391,False,False
8467,8467,2023-11-21,2023-11-22,2023-11-29,2023,0.8242088607594937,5,True,False,True,True,True,-0.2030651340996168,0.0005,0.00635,-0.2094151340996168,-0.31034482758620685,-0.13026819923371646,False,False
8933,8933,2026-01-22,2026-01-23,2026-01-30,2026,0.9031645569620252,5,False,False,True,True,False,0.21621621621621623,0.0005,0.00635,0.20986621621621623,-0.0,0.20108108108108114,False,False
8937,8937,2024-07-10,2024-07-11,2024-07-18,2024,0.7963607594936708,5,True,False,True,True,True,-0.0509461426491995,0.0005,0.00635,-0.0572961426491995,-0.11935953420669576,-0.08442503639010179,False,False
9919,9919,2023-12-01,2023-12-04,2023-12-11,2023,0.9881329113924051,5,True,False,True,True,True,0.19099378881987583,0.0005,0.00635,0.18464378881987584,-0.0714285714285714,0.1366459627329193,False,False
9950,9950,2023-06-27,2023-06-28,2023-07-05,2023,0.847626582278481,5,False,False,True,True,False,0.10805084745762716,0.0005,0.00635,0.10170084745762717,-0.016949152542372836,0.09957627118644075,False,False
