entry,exit,capital,return
2018-01-09,2018-01-19,1.0952464129244253,0.09524641292442516
2018-01-22,2018-02-01,1.0405429155345223,-0.04994629221732737
2018-02-09,2018-03-02,1.1548577034800847,0.10986071428571433
2018-03-05,2018-03-15,1.3141092286749314,0.13789709737827727
2018-03-19,2018-03-29,1.54392767427286,0.1748853448275861
2018-03-30,2018-04-13,1.328022255089753,-0.13984166666666664
2018-04-16,2018-04-26,1.3760507189946976,0.036165405904058937
2018-04-27,2018-05-10,1.2748687586976586,-0.07353069105691067
2018-05-11,2018-05-23,1.5068282551395842,0.18194774549098203
2018-05-24,2018-06-05,1.6193446958843443,0.07467104519774027
2018-06-06,2018-06-19,1.979814107643664,0.22260202702702692
2018-06-20,2018-07-02,1.822095987832722,-0.07966309523809532
2018-07-03,2018-07-13,2.080681406427937,0.14191646341463426
2018-07-16,2018-07-26,2.447615881153708,0.17635303203661323
2018-07-31,2018-08-10,2.628755053911267,0.07400637254901977
2018-08-13,2018-08-23,2.328013295666939,-0.11440463340122196
2018-08-24,2018-09-05,2.1867610889523474,-0.06067500000000002
2018-09-06,2018-09-18,1.5426230249124673,-0.2945626146788991
2018-09-19,2018-10-02,1.717996487898781,0.11368523622047245
2018-10-03,2018-10-16,1.559361695163013,-0.09233708791208793
2018-10-17,2018-10-29,1.2161286050189137,-0.22011127450980394
2018-11-07,2018-11-19,1.1238809070117826,-0.0758535714285714
2018-11-21,2018-12-03,1.244859904611645,0.10764396551724155
2018-12-05,2018-12-17,1.1389594717424767,-0.08507016129032262
2018-12-18,2018-12-27,1.1339195760800163,-0.004425
2019-01-07,2019-01-17,1.2003299867483044,0.05856712598425208
2019-01-18,2019-01-30,1.3136757888572772,0.09442886819484254
2019-02-13,2019-02-25,1.571324722847469,0.1961282503457814
2019-02-27,2019-03-13,1.3972094063906275,-0.1108079787234043
2019-03-18,2019-03-28,1.2790141863225308,-0.08459377637130792
2019-04-02,2019-04-16,1.1758026190827757,-0.08069618644067798
2019-04-17,2019-04-29,1.1210447928385048,-0.04657059386973182
2019-05-03,2019-05-15,1.1191513236461685,-0.0016890218878248143
2019-05-16,2019-05-28,1.050666471146457,-0.061193558951965085
2019-06-11,2019-06-21,1.081169681826943,0.02903224907063197
2019-06-26,2019-07-08,1.1247754533812053,0.04033203324808178
2019-07-16,2019-07-26,1.1308798535603997,0.005427216748768461
2019-07-30,2019-08-12,0.8483591817273152,-0.249823773006135
2019-08-15,2019-08-27,1.0658525782563317,0.25636947322970627
2019-08-30,2019-09-11,1.0403390571193751,-0.023937195121951124
2019-09-19,2019-10-01,1.085399984141542,0.043313693467336725
2019-10-02,2019-10-15,1.3025010859695423,0.20001944444444442
2019-10-16,2019-10-28,1.278647225803439,-0.01831388888888895
2019-10-29,2019-11-08,1.444045696886575,0.12935426421404672
2019-11-14,2019-11-26,2.1141968888884914,0.46407893700787406
2019-12-02,2019-12-12,2.5909763461187176,0.22551327160493828
2019-12-13,2019-12-25,3.387705732374632,0.30750160550458727
2019-12-30,2020-01-10,3.3620619718284503,-0.007569654088050425
2020-01-13,2020-02-03,4.979062880712825,0.48095511695906434
2020-02-06,2020-02-18,5.00445017394865,0.00509880952380949
2020-02-19,2020-03-03,4.596566928967368,-0.08150410750507096
2020-03-04,2020-03-16,4.914553112540327,0.06917906091370564
2020-03-17,2020-03-27,5.165836943491799,0.05113055555555558
2020-03-30,2020-04-13,7.052842107488204,0.36528546770601344
2020-04-14,2020-04-24,7.132701660808053,0.011323031496062964
2020-04-27,2020-05-08,9.461874341925535,0.3265484513274336
2020-05-11,2020-05-21,11.179114580545852,0.18149049295774644
2020-05-22,2020-06-03,11.093987940853744,-0.007614792663476854
2020-06-04,2020-06-16,12.504632299590957,0.127153947368421
2020-06-17,2020-07-01,16.192595378403663,0.2949277508090614
2020-07-02,2020-07-14,16.400661682060818,0.012849472168905985
2020-07-15,2020-07-27,16.492643888051422,0.005608444816053505
2020-07-28,2020-08-07,19.524760473325607,0.18384660493827154
2020-08-10,2020-08-20,33.81075653442916,0.7316861111111111
2020-08-21,2020-09-02,41.35156651523667,0.22302990981963922
2020-09-03,2020-09-15,39.16770358266949,-0.052812096774193504
2020-09-16,2020-09-28,39.24872223186598,0.002068506493506551
2020-09-29,2020-10-14,44.54555438069697,0.13495553097345148
2020-10-16,2020-10-28,61.245029895240556,0.3748853448275863
2020-11-02,2020-11-12,49.459955017648895,-0.19242499999999996
2020-11-13,2020-11-25,56.20212542288343,0.13631574074074082
2020-11-26,2020-12-08,54.012384299985385,-0.038961891679748825
2020-12-10,2020-12-22,51.008700652642226,-0.05561101747815221
2020-12-23,2021-01-05,47.46392786321249,-0.06949349315068497
2021-01-06,2021-01-18,58.584574491116996,0.2342968045112782
2021-01-19,2021-01-29,72.3084872160094,0.23425812757201647
2021-02-01,2021-02-22,94.27324990121939,0.3037646551724139
2021-02-23,2021-03-08,90.64222997831946,-0.03851590909090906
2021-03-09,2021-03-19,107.57511037743565,0.18681005976095622
2021-03-22,2021-04-01,134.16201136368485,0.2471473270440251
2021-04-06,2021-04-16,186.4537846275087,0.3897658713692945
2021-04-19,2021-04-29,168.45780752569632,-0.09651709209209212
2021-05-03,2021-05-13,168.29327071886306,-0.0009767241379309167
2021-05-17,2021-05-27,216.73016809185555,0.2878124429223746
2021-05-28,2021-06-09,208.2107823971704,-0.03930872093023262
2021-06-10,2021-06-23,240.164836379353,0.1534697368421053
2021-06-24,2021-07-06,264.57413507921484,0.10163560606060597
2021-07-07,2021-07-19,263.4033945314893,-0.004425
2021-07-20,2021-07-30,247.12695360955593,-0.06179282902137227
2021-08-02,2021-08-12,271.92290721797764,0.10033690476190484
2021-08-17,2021-08-27,276.24092565745644,0.015879568527918844
2021-08-31,2021-09-10,285.0777529327022,0.031989565826330627
2021-09-17,2021-10-05,341.17686048724494,0.19678528744326795
2021-10-06,2021-10-21,361.6785632336047,0.06009112903225801
2021-10-25,2021-11-04,520.5515279622441,0.43926563772048854
2021-11-05,2021-11-17,629.0037316982972,0.20834095744680858
2021-11-18,2021-11-30,610.7711757227671,-0.028986403508771894
2021-12-01,2021-12-13,757.8803110889856,0.24085801886792446
2021-12-14,2021-12-24,727.4595367449531,-0.0401392857142857
2021-12-27,2022-01-07,801.1112525385245,0.10124510309278358
2022-01-10,2022-01-20,796.0257366834674,-0.006348076923076916
2022-02-11,2022-02-23,809.6590498823385,0.01712672413793105
2022-02-25,2022-03-10,708.9998408711247,-0.12432295918367352
2022-03-11,2022-03-23,723.5534914914401,0.0205270153550864
2022-03-24,2022-04-07,782.370637990857,0.08128928571428586
2022-04-14,2022-04-26,1126.6289314692392,0.4400194444444444
2022-04-27,2022-05-10,943.75481979445,-0.16231973684210532
2022-05-12,2022-05-26,1141.0125397718011,0.20901373517786548
2022-05-27,2022-06-13,1425.7929477280197,0.24958569518716567
2022-06-15,2022-06-27,1342.1152043676864,-0.05868856589147296
2022-06-28,2022-07-12,1272.2660967613265,-0.05204404761904767
2022-07-13,2022-07-25,2039.1654627220173,0.6027822072072072
2022-07-26,2022-08-09,2032.7299289793227,-0.0031559644670050447
2022-08-10,2022-08-22,1939.6221364651344,-0.045804310344827556
2022-08-23,2022-09-06,1765.1307276316768,-0.0899615474339036
2022-09-12,2022-09-22,1779.94990528539,0.008395512820512997
2022-09-23,2022-10-05,1852.1887890319272,0.04058478473581219
2022-10-06,2022-10-21,1435.6004075342407,-0.22491680327868857
2022-10-25,2022-11-04,1433.954762312981,-0.001146311475409877
2022-11-07,2022-11-17,1423.815981372516,-0.007070502645502562
2022-11-18,2022-11-30,1372.717008005739,-0.035888748290013636
2022-12-01,2022-12-15,1455.9520345613498,0.06063524096385543
2022-12-20,2023-01-04,1400.5698826214798,-0.03803844537815125
2023-01-09,2023-01-31,1291.6639028319712,-0.07775833333333336
2023-02-07,2023-02-17,1305.8200424132008,0.01095961538461533
2023-02-20,2023-03-08,1684.106507082346,0.2896926470588236
2023-03-09,2023-03-21,1606.5955050938812,-0.04602499999999997
2023-03-28,2023-04-12,1754.9633043477647,0.09234919354838701
2023-04-14,2023-04-26,1838.7608945615614,0.04774891304347818
2023-04-27,2023-05-10,1869.790809213743,0.01687544843049328
2023-05-11,2023-05-23,1642.7116774217895,-0.12144627659574457
2023-05-24,2023-06-05,1811.0349250622166,0.10246670182841079
2023-06-06,2023-06-16,1996.794379681852,0.10257088477366251
2023-06-19,2023-07-03,2549.3063821330034,0.2766994979919678
2023-07-04,2023-07-14,3387.794495436399,0.32890833333333325
2023-07-18,2023-07-28,3730.669120509206,0.10120880281690149
2023-07-31,2023-08-10,3067.311021820727,-0.17781209677419363
2023-08-15,2023-08-25,3440.6062273553885,0.12170112612612617
2023-08-29,2023-09-12,3146.9509830480374,-0.08534985549132955
2023-09-13,2023-09-25,2927.2635452872164,-0.06980961538461537
2023-10-04,2023-10-18,2857.1000416507104,-0.023968973941368085
2023-10-23,2023-11-02,3339.8804451617316,0.16897567340067343
2023-11-03,2023-11-15,3344.747829751666,0.0014573529411764496
2023-11-16,2023-11-28,3592.5043174797192,0.07407329351535842
2023-11-29,2023-12-11,3895.1880574249603,0.08425424528301896
2023-12-12,2023-12-22,4946.476200653967,0.26989406614786005
2023-12-26,2024-01-08,5266.735606752415,0.06474496047430835
2024-01-10,2024-01-22,4454.486101490757,-0.1542225708502024
2024-01-24,2024-02-05,5717.666997720999,0.283575
2024-02-15,2024-03-01,6285.845680513201,0.09937246835443049
2024-03-04,2024-03-14,5518.0192109349155,-0.12215165764546686
2024-03-15,2024-03-27,6022.727105742206,0.09146541095890405
2024-03-28,2024-04-11,6315.86735807322,0.04867234513274345
2024-04-12,2024-04-24,5785.521105167012,-0.08397045454545458
2024-04-25,2024-05-08,5818.835867811955,0.005758299389002087
2024-05-10,2024-05-24,6672.678987487066,0.14673779069767445
2024-05-27,2024-06-06,6851.673601326407,0.026825
2024-06-07,2024-06-20,9379.106403149266,0.3688781674208145
2024-06-21,2024-07-03,11336.96276127956,0.20874657712305023
2024-07-04,2024-07-16,10174.49092070894,-0.10253820754716979
2024-07-17,2024-07-29,9834.166951081905,-0.03344874670184704
2024-07-30,2024-08-07,9436.266367689785,-0.040461036036036
2024-08-09,2024-08-21,12323.978656892574,0.30602276119402994
2024-08-22,2024-09-03,12118.230589288061,-0.016694938650306787
2024-09-04,2024-09-16,11601.068543930372,-0.04267636612021851
2024-09-19,2024-10-01,11549.73381562348,-0.004425
2024-10-07,2024-10-16,12403.444100012846,0.07391601382488479
2024-10-17,2024-10-29,12348.558859870289,-0.004425
2024-11-04,2024-11-13,10912.456705788321,-0.11629714611872143
2024-11-15,2024-11-27,11972.465469046836,0.0971375
2024-11-29,2024-12-13,13425.457808597479,0.12136116352201255
2024-12-16,2024-12-26,14603.084210619138,0.08771592140921415
2024-12-27,2025-01-09,17887.378790695435,0.22490417316692668
2025-01-14,2025-02-06,18544.626531992242,0.036743658698539364
2025-02-07,2025-02-19,18201.782748982034,-0.018487500000000087
2025-02-20,2025-03-07,17241.74195437958,-0.052744327731092486
2025-03-11,2025-03-21,18264.60829582315,0.059324999999999975
2025-03-25,2025-04-10,13794.38960398889,-0.24474758064516133
2025-04-11,2025-04-23,13953.005315405077,0.011498566878980999
2025-04-24,2025-05-07,15222.656903850546,0.09099484732824438
2025-05-09,2025-05-21,16656.121975599657,0.09416654929577474
2025-05-22,2025-06-04,18060.95120253224,0.08434311594202905
2025-06-05,2025-06-19,17825.109612575863,-0.013058093525179825
2025-06-20,2025-07-02,19066.611992360653,0.06964907407407418
2025-07-03,2025-07-15,19488.69911534154,0.022137500000000046
2025-07-16,2025-07-28,21982.6555891394,0.12796936619718313
2025-07-29,2025-08-12,23516.353559287156,0.0697685483870968
2025-08-13,2025-08-25,26906.691613235605,0.14416937751004022
2025-08-26,2025-09-05,26677.356176563288,-0.008523360655737654
2025-09-08,2025-09-18,25525.684374176035,-0.04317038745387457
2025-09-19,2025-10-02,27720.53482177321,0.08598595890410955
2025-10-03,2025-10-21,26089.270920668594,-0.05884676870748294
2025-10-22,2025-11-04,32195.11357792715,0.2340365384615385
2025-11-05,2025-11-17,37051.36520323351,0.15083815789473676
2025-11-18,2025-11-28,34786.562307902146,-0.06112603092783507
2025-12-02,2025-12-12,35977.968433531205,0.034249033149171285
2025-12-15,2025-12-26,39886.7594171657,0.10864401615271659
2025-12-29,2026-01-09,38358.1669671798,-0.03832330508474578
2026-01-13,2026-01-27,42226.13386436897,0.10083815789473695
2026-01-28,2026-02-09,39740.1178987268,-0.05887387118193897
2026-02-11,2026-03-05,44309.35658135052,0.11497798507462677
2026-03-06,2026-03-18,70406.75202345526,0.5889815934065933
2026-03-19,2026-03-31,60602.863256874916,-0.13924642857142855
2026-04-01,2026-04-15,66032.40067948996,0.08959209401709413
2026-04-16,2026-04-28,66205.22421267681,0.002617253521126751
2026-04-29,2026-05-12,77154.66265995252,0.16538632075471693
2026-05-13,2026-05-25,90940.16334218056,0.17867359154929574
2026-05-26,2026-06-05,86039.63751321904,-0.053887365591397826
2026-06-08,2026-06-18,91302.60121153074,0.06116905940594054
2026-06-22,2026-07-02,70727.08228234317,-0.2253552325581395
2026-07-03,2026-07-16,70978.80222693516,0.0035590319361277333
2026-07-21,2026-07-31,52727.143290382686,-0.2571423913043478
2026-08-03,2026-08-10,72982.90581861818,0.384161956521739
2026-08-12,2026-08-17,94156.73962876378,0.29012045454545443
