year,n,mean_net,median_net,win_rate,avg_holding,p5_net
2018,212,0.026521189743523396,0.0032489028944911024,0.5283018867924528,9.0,-0.1877580171902786
2019,108,0.021069454693433624,-0.0024952131911034504,0.4722222222222222,8.953703703703704,-0.15929353932584273
2020,454,0.06794285214238056,0.046879171765099384,0.6255506607929515,9.0,-0.21918720538720537
2021,395,0.061833244762893445,0.03210468036529658,0.6050632911392405,9.055696202531646,-0.17711632869506191
2022,164,0.016585684190449992,-0.006709289784289739,0.4634146341463415,9.365853658536585,-0.18904952506891162
2023,252,0.03492000227974405,0.018842963958506834,0.5912698412698413,9.222222222222221,-0.17098884132823933
2024,361,0.03342553257346563,0.01941154937570956,0.5623268698060941,9.033240997229917,-0.18249341046277667
2025,291,0.037732205207153514,0.026502835051546283,0.5910652920962199,9.357388316151203,-0.16331492234328404
2026,605,0.062069468550005794,0.04626624423963123,0.6132231404958678,8.869421487603306,-0.1912683971526755
