month,drawdown
2018-01,0.0
2018-02,0.0
2018-03,0.0
2018-04,0.0
2018-05,-0.0381543238631201
2018-06,0.0
2018-07,-0.022172251387781353
2018-08,-0.023670991396650243
2018-09,-0.000694683154069257
2018-10,-0.09318413313501257
2018-11,-0.09812184548206876
2018-12,-0.07559424918024477
2019-01,-0.053040828231212055
2019-02,-0.037911439761516987
2019-03,0.0
2019-04,-0.032796328089859904
2019-05,-0.050027909444533086
2019-06,-0.060283487276714065
2019-07,-0.047762606857823076
2019-08,-0.09023846968543785
2019-09,-0.12188849005814117
2019-10,-0.09153250078673188
2019-11,-0.03777524135427058
2019-12,0.0
2020-01,0.0
2020-02,0.0
2020-03,-0.1366099001948233
2020-04,0.0
2020-05,0.0
2020-06,0.0
2020-07,-0.04460752595455172
2020-08,0.0
2020-09,0.0
2020-10,-0.11924906276542928
2020-11,-0.1672874207595458
2020-12,-0.042856309795317384
2021-01,0.0
2021-02,0.0
2021-03,0.0
2021-04,0.0
2021-05,-0.0971145627984226
2021-06,-0.0971145627984226
2021-07,0.0
2021-08,-0.016643184954894887
2021-09,0.0
2021-10,0.0
2021-11,0.0
2021-12,0.0
2022-01,-0.020670544194418716
2022-02,-0.027722333549744252
2022-03,-0.025769519200184964
2022-04,0.0
2022-05,0.0
2022-06,0.0
2022-07,0.0
2022-08,0.0
2022-09,-0.11972987919291189
2022-10,-0.14440838383477184
2022-11,-0.1447387207505921
2022-12,-0.139834251314799
2023-01,-0.1297784369257817
2023-02,-0.09492803565919307
2023-03,-0.04315653087479269
2023-04,0.0
2023-05,-0.0027900227683075227
2023-06,0.0
2023-07,0.0
2023-08,-0.12248345513542819
2023-09,-0.0701692142058602
2023-10,-0.0962428518511877
2023-11,-0.04655103644381758
2023-12,-0.010966603198324657
2024-01,0.0
2024-02,0.0
2024-03,-0.04181386887518402
2024-04,-0.12164791325627178
2024-05,-0.12164791325627178
2024-06,-0.029048375363796442
2024-07,0.0
2024-08,0.0
2024-09,-0.0134723420296806
2024-10,-0.027630708892194954
2024-11,-0.049667235347624385
2024-12,0.0
2025-01,-0.0032357953527823195
2025-02,0.0
2025-03,-0.0571189064271725
2025-04,-0.17027789973866916
2025-05,-0.1357553168275132
2025-06,-0.10000527198418613
2025-07,-0.06517200726741616
2025-08,0.0
2025-09,0.0
2025-10,0.0
2025-11,0.0
2025-12,0.0
2026-01,0.0
2026-02,0.0
2026-03,0.0
2026-04,0.0
2026-05,0.0
2026-06,0.0
2026-07,-0.18032906526538006
2026-08,-0.18032906526538006
