month,nav,return
2018-01,9878423.157864828,-0.012157684213517234
2018-02,10151167.6768405,0.02761012710399274
2018-03,10693164.561543887,0.053392565462191274
2018-04,10717565.004986674,0.0022818729948791846
2018-05,10308643.55876237,-0.0381543238631201
2018-06,10947615.130887825,0.06198405915221777
2018-07,10704881.856109101,-0.022172251387781353
2018-08,10688474.227310741,-0.00153272394958721
2018-09,10940010.007079164,0.02353336635510694
2018-10,9927471.105020296,-0.09255374550879429
2018-11,9873414.930617692,-0.005445110223012164
2018-12,10120038.384754073,0.024978536389835677
2019-01,10366944.557188986,0.0243977505862902
2019-02,10532575.2793209,0.015976811800064702
2019-03,10965282.116643395,0.04108271964331929
2019-04,10605661.126748085,-0.032796328089859904
2019-05,10416711.975878201,-0.01781587669186818
2019-06,10304256.671679143,-0.010795662245386965
2019-07,10441551.657821039,0.013324103864691756
2019-08,9975791.838768397,-0.04460637980982204
2019-09,9628740.436384194,-0.034789358879309736
2019-10,9961602.422674997,0.03456962917320059
2019-11,10551065.938169524,0.05917356369822258
2019-12,11794948.893426187,0.11789168625672158
2020-01,12112477.130799921,0.02692069632880779
2020-02,13488703.501935676,0.11362055476135846
2020-03,11646013.06277868,-0.1366099001948233
2020-04,16276127.462728208,0.3975707716443868
2020-05,19811808.39203793,0.2172310912043615
2020-06,23148887.676303588,0.1684389036190547
2020-07,22116273.068463873,-0.04460752595455172
2020-08,27764615.3295022,0.2553930421980742
2020-09,32712324.28729396,0.17820196314891534
2020-10,28811410.275155365,-0.11924906276542928
2020-11,27239963.930222705,-0.054542499999999966
2020-12,31310394.783512805,0.14942864328737093
2021-01,32935932.966437317,0.051916885563527825
2021-02,39133669.69089901,0.18817553250358401
2021-03,48817745.92465551,0.24746149058463204
2021-04,50474455.85277943,0.033936633016216265
2021-05,45572651.140148476,-0.0971145627984226
2021-06,45572651.140148476,0.0
2021-07,57108080.30719237,0.25312174908519736
2021-08,56157619.96422078,-0.016643184954894887
2021-09,58825150.55302802,0.04750077710748392
2021-10,58925917.82051013,0.0017129963380420516
2021-11,66917162.99396249,0.1356151158781082
2021-12,74351872.8931383,0.1111031843930174
2022-01,72814979.21856289,-0.020670544194418716
2022-02,72290665.47274654,-0.007200630302215145
2022-03,72435860.87704886,0.002008494504135769
2022-04,77884897.74487203,0.07522567968194996
2022-05,81065222.793338,0.040833655054459655
2022-06,83044335.24416761,0.02441382855228833
2022-07,98272077.70642494,0.18336882843946667
2022-08,101572435.47886486,0.03358388109285037
2022-09,89411180.04965053,-0.11972987919291189
2022-10,86904524.22920035,-0.028035149732485654
2022-11,86870971.1041319,-0.0003860918101334823
2022-12,87369130.00945707,0.005734469167243661
2023-01,88390523.56767297,0.011690554296527194
2023-02,91930363.7017361,0.0400477335260151
2023-03,97188921.53109334,0.05720153404829774
2023-04,114872077.14352502,0.18194620676775758
2023-05,114551581.4328518,-0.0027900227683075227
2023-06,141704552.0593404,0.23703706476025554
2023-07,167582015.17329198,0.18261560929330706
2023-08,147055990.93630943,-0.12248345513542819
2023-09,155822916.85354754,0.05961624454344814
2023-10,151453444.11404535,-0.028041271641763097
2023-11,159780898.67763168,0.05498359322430265
2023-12,165744209.70971087,0.03732180180129389
2024-01,184203140.5624918,0.11136998924493613
2024-02,226986809.67721695,0.23226351615981583
2024-03,217495612.98097745,-0.04181386887518402
2024-04,199374337.943285,-0.0833178876085072
2024-05,199374337.943285,0.0
2024-06,220393211.62708253,0.1054241679276531
2024-07,251443871.9050742,0.1408875529729614
2024-08,272829498.004664,0.08505129171596337
2024-09,269153845.6917591,-0.0134723420296806
2024-10,265291025.56809345,-0.014351718117709703
2024-11,259278811.11749214,-0.02266271328902578
2024-12,296579473.1339752,0.14386313272464166
2025-01,295619802.65307766,-0.0032357953527823195
2025-02,307236780.8544671,0.03929702305843985
2025-03,289687751.9178551,-0.0571189064271725
2025-04,254921147.08809868,-0.12001406548805334
2025-05,265527754.32850367,0.041607404334876294
2025-06,276511483.0215703,0.041365652042075755
2025-07,287213543.1398022,0.038703854180974606
2025-08,323264806.6763115,0.125520764593476
2025-09,347346925.46360433,0.07449656841676094
2025-10,375557025.7524034,0.08121592051274672
2025-11,402811734.55974257,0.07257142574482851
2025-12,490906660.7469087,0.21869999960018655
2026-01,666414905.3364117,0.35751856436918017
2026-02,700442034.9457275,0.05105997680549864
2026-03,851696001.393412,0.21594073299642014
2026-04,1100712128.8195577,0.29237677178094573
2026-05,1403399641.704637,0.2749924389492211
2026-06,1626162842.0496173,0.1587311224295321
2026-07,1332918416.773516,-0.18032906526538006
2026-08,1332918416.773516,0.0
