year,start_nav,end_nav,n_months,worst_month,best_month,annual_return
2018,9878423.157864828,10120038.384754073,12,-0.09255374550879429,0.06198405915221777,0.02445888610237157
2019,10366944.557188986,11794948.893426187,12,-0.04460637980982204,0.11789168625672158,0.13774592198884172
2020,12112477.130799921,31310394.783512805,12,-0.1366099001948233,0.3975707716443868,1.5849703941975601
2021,32935932.966437317,74351872.8931383,12,-0.0971145627984226,0.25312174908519736,1.257469766194419
2022,72814979.21856289,87369130.00945707,12,-0.11972987919291189,0.18336882843946667,0.19987852701582387
2023,88390523.56767297,165744209.70971087,12,-0.12248345513542819,0.23703706476025554,0.875135512494333
2024,184203140.5624918,296579473.1339752,12,-0.0833178876085072,0.23226351615981583,0.6100674083423632
2025,295619802.65307766,490906660.7469087,12,-0.12001406548805334,0.21869999960018655,0.6606014087730396
2026,666414905.3364117,1332918416.773516,8,-0.18032906526538006,0.35751856436918017,1.0001329593620776
