stock_id,announce,year,is_new_regime,leads_to_disposal,oos_prob,trade_ret,consec_1d,ann_idx,trade_ret_15d,hold_days,entry_idx,exit_idx
3591,2021-01-05,2021,False,False,0.8855334350513406,-0.1168,True,3387,-0.21947857142857138,15.0,3388,3402
1593,2021-01-05,2021,False,True,0.8299523966246534,0.2084840909090908,True,3387,0.4755295454545454,15.0,3388,3402
4946,2021-01-06,2021,False,True,0.8316221388632291,-0.085347077922078,True,3388,-0.06291496458087374,15.0,3389,3403
6160,2021-01-07,2021,False,False,0.6972611579468045,-0.1725901651651651,True,3389,-0.11853611111111094,15.0,3390,3404
1533,2021-01-12,2021,False,True,0.9399151228218092,0.1623863207547169,True,3392,0.22842405660377366,15.0,3393,3407
1732,2021-01-25,2021,False,False,0.664305676292023,-0.220660294117647,True,3401,-0.22801323529411763,15.0,3402,3416
4576,2021-01-27,2021,False,True,0.9201405665671072,0.2782892857142858,True,3403,0.2267019841269842,15.0,3404,3418
3552,2021-01-27,2021,False,True,0.6212027274395263,-0.1063595509893455,True,3403,-0.10635955098934556,2.0,3404,3405
3552,2021-01-28,2021,False,True,0.6521117416656642,0.1944980769230768,True,3404,-0.0010147435897436127,15.0,3405,3419
1593,2021-01-28,2021,False,False,0.6049420249924011,-0.1419077586206897,True,3404,-0.25914913793103445,15.0,3405,3419
3529,2021-02-03,2021,False,False,0.7244481963963747,0.0792416666666666,True,3408,0.044575000000000045,15.0,3409,3423
3169,2021-02-23,2021,False,False,0.930430138535886,0.0998920731707318,True,3415,0.343794512195122,15.0,3416,3430
6651,2021-02-25,2021,False,True,0.6779037380314757,0.137502536231884,True,3417,0.07590833333333326,15.0,3418,3432
4571,2021-03-03,2021,False,True,0.934068049141556,0.0754479281767954,True,3420,-0.16488356353591158,15.0,3421,3435
4534,2021-03-03,2021,False,False,0.9310248085549988,0.0272972222222223,True,3420,0.06201944444444442,15.0,3421,3435
8099,2021-03-11,2021,False,True,0.7974860281207979,0.3796717741935485,True,3426,0.3275625930521091,15.0,3427,3441
8085,2021-03-16,2021,False,False,0.8043312752316832,0.1305060344827587,True,3429,0.17188534482758636,15.0,3430,3444
6129,2021-03-18,2021,False,True,0.9662224880299488,0.1614061688311688,True,3431,0.1614061688311688,2.0,3432,3433
6129,2021-03-19,2021,False,True,0.9425472263077146,0.0641712441314552,True,3432,0.08412429577464776,15.0,3433,3447
3122,2021-03-23,2021,False,True,0.8530608786834055,0.1753088129496403,True,3434,0.17530881294964032,2.0,3435,3436
5302,2021-03-23,2021,False,True,0.6929648069250579,0.5123987885462555,True,3434,0.5123987885462555,9.0,3435,3443
2491,2021-03-24,2021,False,True,0.7656484798282821,0.1432300218340612,True,3435,0.09737849344978168,15.0,3436,3450
3122,2021-03-31,2021,False,False,0.9164994645695504,-0.206425,True,3440,-0.17742500000000003,15.0,3441,3455
5529,2021-04-07,2021,False,True,0.8690371774371773,0.0719794665012407,True,3443,-0.024794727047146345,15.0,3444,3458
6457,2021-04-07,2021,False,False,0.7927825054260674,-0.1402570802005013,True,3443,-0.1552946741854637,15.0,3444,3458
1471,2021-04-12,2021,False,False,0.9869526170330772,0.040575,True,3446,-0.05142500000000004,15.0,3447,3461
3661,2021-04-15,2021,False,True,0.9357160472141638,-0.0617939320388349,True,3449,-0.06179393203883497,2.0,3450,3451
3687,2021-04-16,2021,False,True,0.8077106864669527,-0.0209935210312076,True,3450,0.15132669606512897,15.0,3451,3465
2033,2021-04-22,2021,False,True,0.9525682774285535,-0.2173015432098765,True,3454,-0.37573775720164615,15.0,3455,3469
3057,2021-04-27,2021,False,True,0.8770763554276653,-0.1201010563380281,True,3457,-0.23559401408450706,15.0,3458,3472
3060,2021-04-27,2021,False,True,0.8531422582889192,-0.1516256269592476,True,3457,-0.2864218652037618,15.0,3458,3472
1441,2021-05-04,2021,False,True,0.9544711209491388,-0.3374903594771242,True,3461,-0.12507205882352943,15.0,3462,3476
5608,2021-05-11,2021,False,False,0.6634382781588704,-0.139003947368421,True,3466,-0.0442671052631579,15.0,3467,3481
6547,2021-05-13,2021,False,True,0.9018190621285382,0.1154800279329608,True,3468,-0.2923412011173184,15.0,3469,3483
4171,2021-05-18,2021,False,True,0.9913307037241842,-0.1123632716049383,True,3471,-0.07223981481481477,15.0,3472,3486
6150,2021-05-18,2021,False,True,0.6540371862503701,0.2093582167832169,True,3471,0.22684073426573417,15.0,3472,3486
6242,2021-05-24,2021,False,True,0.7010807690995537,-0.0957483532934131,True,3475,-0.1466465568862275,15.0,3476,3490
4106,2021-05-31,2021,False,False,0.6388138000904645,-0.132425,True,3480,-0.20842499999999994,15.0,3481,3495
2636,2021-06-02,2021,False,False,0.7048535014051736,0.3725749999999999,True,3482,0.6085750000000001,15.0,3483,3497
3530,2021-06-07,2021,False,True,0.6098871699987377,-0.0428232300884956,True,3485,-0.09002087020648973,15.0,3486,3500
5608,2021-06-08,2021,False,True,0.6992182302089215,0.2671108090185674,True,3486,0.26711080901856743,5.0,3487,3491
3339,2021-06-11,2021,False,True,0.921759445806884,0.1348970973782773,True,3489,0.0319008426966292,15.0,3490,3504
2614,2021-06-16,2021,False,True,0.7592466808529272,0.0733310137457044,True,3491,0.0733310137457044,2.0,3492,3493
8040,2021-06-17,2021,False,True,0.9176288416805132,0.1360470229555237,True,3492,-0.01746804160688674,15.0,3493,3507
2465,2021-06-21,2021,False,False,0.8306620270775955,-0.1203282258064516,True,3494,-0.28054327956989256,15.0,3495,3509
8905,2021-06-23,2021,False,False,0.7793365151367377,-0.1950218992248062,True,3496,-0.2787428294573644,15.0,3497,3511
6741,2021-06-28,2021,False,False,0.8314238862624816,0.117575,True,3499,0.19049166666666675,15.0,3500,3514
2023,2021-07-02,2021,False,True,0.9537467357981084,-0.0498414524421593,True,3503,-0.09868464010282772,15.0,3504,3518
2486,2021-07-07,2021,False,True,0.6266474460660831,0.1055379629629629,True,3506,0.04072314814814827,15.0,3507,3521
5227,2021-07-09,2021,False,False,0.862922691470894,0.1229212321792261,True,3508,-0.00946165987780044,15.0,3509,3523
6716,2021-07-13,2021,False,True,0.8287113235269931,0.1212157766990291,True,3510,0.27898276699029134,15.0,3511,3525
5340,2021-07-19,2021,False,True,0.9041862338344032,-0.0486621134020618,True,3514,-0.12495077319587632,15.0,3515,3529
4945,2021-07-22,2021,False,True,0.9137658838204592,-0.0698527456647399,True,3517,-0.24673135838150292,15.0,3518,3532
5351,2021-07-27,2021,False,False,0.7153959183835658,-0.1138888783269962,True,3520,-0.29069496197718625,15.0,3521,3535
3663,2021-07-29,2021,False,True,0.8156542801695147,0.0816968872870249,True,3522,-0.01659931192660556,15.0,3523,3537
3114,2021-08-03,2021,False,True,0.8309827996153688,0.0978381578947369,True,3525,0.09783815789473695,2.0,3526,3527
6485,2021-08-04,2021,False,False,0.8601622257505296,-0.2923712365591397,True,3526,-0.17946801075268812,15.0,3527,3541
3054,2021-08-06,2021,False,False,0.6901108002359042,-0.2624585570469799,True,3528,-0.0946733221476511,15.0,3529,3543
6727,2021-08-11,2021,False,True,0.9315567336550776,0.0016895833333334,True,3531,0.01991875000000022,15.0,3532,3546
3527,2021-08-19,2021,False,True,0.7183110475818907,0.2915946078431373,True,3537,0.24502598039215687,15.0,3538,3552
3373,2021-08-24,2021,False,False,0.8279517714778919,0.079423635235732,True,3540,0.0025005583126551803,15.0,3541,3555
2612,2021-08-24,2021,False,False,0.6398912936199994,-0.2132389534883721,True,3540,-0.17951802325581387,15.0,3541,3555
3207,2021-08-27,2021,False,True,0.659997034285007,0.129717857142857,True,3543,-0.20171071428571427,15.0,3544,3558
4175,2021-08-31,2021,False,True,0.7628599393256166,-0.2001190639269405,True,3545,-0.2603930365296804,15.0,3546,3560
1584,2021-09-09,2021,False,False,0.6132895065156431,-0.2120761627906976,True,3552,-0.07719244186046513,15.0,3553,3567
3232,2021-09-13,2021,False,True,0.8472968571465053,0.1775749999999998,True,3554,0.4092416666666667,15.0,3555,3569
4721,2021-09-13,2021,False,False,0.7085903621477463,-0.14414375,True,3554,-0.1558625,15.0,3555,3569
4711,2021-09-16,2021,False,False,0.9279312818578136,-0.2799659836065573,True,3557,-0.24922827868852457,15.0,3558,3572
5321,2021-09-27,2021,False,True,0.8881621824314986,0.010756818181818,True,3562,0.024393181818181744,15.0,3563,3577
4141,2021-10-01,2021,False,False,0.6760857738375637,0.2084840909090908,True,3566,0.08802954545454546,15.0,3567,3581
1711,2021-10-07,2021,False,False,0.611941522004882,-0.0421740347490346,True,3570,-0.020938513513513488,15.0,3571,3585
6419,2021-10-08,2021,False,False,0.765310802233368,-0.1682093137254902,True,3571,-0.08389558823529407,15.0,3572,3586
3701,2021-10-13,2021,False,False,0.6861453906431495,-0.1021618421052631,True,3573,0.12099605263157899,15.0,3574,3588
1721,2021-10-18,2021,False,True,0.8069104248001967,-0.0903127005347593,True,3576,0.12359104278074852,15.0,3577,3591
3685,2021-10-22,2021,False,True,0.9233876944314392,-0.0567003623188406,True,3580,0.13170543478260857,15.0,3581,3595
4968,2021-10-28,2021,False,False,0.8929616955061281,-0.0497014227642276,True,3584,0.05924166666666665,15.0,3585,3599
5227,2021-10-29,2021,False,True,0.9132533609763142,-0.0287015957446808,True,3585,-0.024446276595744595,15.0,3586,3600
8476,2021-11-02,2021,False,True,0.8533533247517112,-0.0001363702623906,True,3587,-0.00013637026239064678,3.0,3588,3590
4916,2021-11-04,2021,False,False,0.7920481205768972,-0.1303531767955802,True,3589,-0.09306035911602216,15.0,3590,3604
4192,2021-11-05,2021,False,True,0.8827846198412385,-0.1897711091753773,True,3590,-0.18628678861788603,15.0,3591,3605
4721,2021-11-12,2021,False,False,0.6822893647761359,-0.0589401515151515,True,3595,-0.08924318181818179,15.0,3596,3610
3062,2021-11-17,2021,False,False,0.7753369929409688,-0.0584454081632653,True,3598,-0.08614220116618064,15.0,3599,3613
6465,2021-11-18,2021,False,True,0.8755103276959558,,True,3599,0.16109351851851852,15.0,3600,3614
8121,2021-11-24,2021,False,True,0.6919250971810567,-0.0549602112676055,True,3603,-0.054960211267605516,3.0,3604,3606
3672,2021-11-25,2021,False,True,0.8403372312127091,0.0899434210526315,True,3604,0.1767855263157894,15.0,3605,3619
3499,2021-11-30,2021,False,False,0.6080455743819706,0.1970194444444444,True,3607,0.1570194444444444,15.0,3608,3622
6446,2021-12-02,2021,False,True,0.8301669925072372,0.1859906378600822,True,3609,0.18599063786008221,3.0,3610,3612
8121,2021-12-06,2021,False,True,0.7122087351820847,0.0100270069808028,True,3611,0.010027006980802847,4.0,3612,3615
6446,2021-12-07,2021,False,True,0.8672133007455047,-0.0550440476190476,True,3612,0.04019404761904767,15.0,3613,3627
6134,2021-12-10,2021,False,True,0.6698842216734225,-0.0655645348837209,True,3615,0.0008806478405316712,15.0,3616,3630
8478,2021-12-13,2021,False,False,0.7002239725947489,-0.0137944267515923,True,3616,-0.08067340764331209,15.0,3617,3631
2406,2021-12-15,2021,False,True,0.7794274016848198,-0.0567400684931505,True,3618,-0.15674006849315067,15.0,3619,3633
4946,2021-12-21,2021,False,True,0.9644278034329892,0.1739393926788686,True,3622,0.42185952579034947,12.0,3623,3634
5227,2021-12-27,2021,False,True,0.7127428104204696,-0.0456763661202186,True,3626,-0.08064904371584701,15.0,3627,3641
3491,2021-12-30,2021,False,False,0.8270832005782414,-0.1088074884792626,True,3629,-0.18714850230414745,15.0,3630,3644
8450,2022-01-06,2022,False,True,0.8137670786632715,-0.3407583333333334,True,3633,-0.3407583333333334,6.0,3634,3639
4946,2022-01-06,2022,False,True,0.7747085245107573,-0.0867088874680307,True,3633,-0.31177282608695656,15.0,3634,3648
5227,2022-01-20,2022,False,False,0.6662771544095301,-0.1289303763440859,True,3643,-0.12355403225806448,15.0,3644,3658
3086,2022-01-25,2022,False,False,0.8816058719149951,-0.0788535714285714,True,3646,-0.1730094155844156,15.0,3647,3661
1529,2022-01-26,2022,False,True,0.6497227759873704,0.1610731684981683,True,3647,-0.018414010989011062,15.0,3648,3662
6205,2022-02-09,2022,False,False,0.8362794942063531,-0.0558298404840484,True,3650,0.04207995049504955,15.0,3651,3665
5321,2022-02-15,2022,False,True,0.6321097348677021,0.0440455882352941,True,3654,0.044045588235294156,2.0,3655,3656
3066,2022-02-17,2022,False,False,0.6264794393522827,-0.0404828512396694,True,3656,-0.12194684179456915,15.0,3657,3671
5321,2022-02-18,2022,False,False,0.6822754210080365,-0.0212658304498269,True,3657,-0.08354956747404839,15.0,3658,3672
2743,2022-02-24,2022,False,False,0.717898638612867,-0.1269371951219512,True,3661,-0.1366932926829267,15.0,3662,3676
9955,2022-02-24,2022,False,False,0.6798004044263789,-0.1426069757365685,True,3661,-0.10447872616984409,15.0,3662,3676
2024,2022-03-04,2022,False,True,0.9115662498331112,-0.0509032608695651,True,3666,-0.02254787334593565,15.0,3667,3681
8440,2022-03-11,2022,False,True,0.974790855387478,0.3086371761658031,True,3671,0.3086371761658031,8.0,3672,3679
6446,2022-03-17,2022,False,True,0.7018943528805132,-0.0267176045016077,True,3675,-0.026717604501607747,4.0,3676,3679
4804,2022-03-17,2022,False,True,0.6524922777499821,0.191048282442748,True,3675,0.24448339694656476,15.0,3676,3690
4755,2022-03-22,2022,False,False,0.6056000070454705,-0.1519471445221445,True,3678,-0.13329912587412582,15.0,3679,3693
6241,2022-03-24,2022,False,True,0.6541318646868385,-0.052412146529563,True,3680,-0.12696227506426735,15.0,3681,3695
5603,2022-03-29,2022,False,True,0.7347050392883555,0.1328373612512614,True,3683,0.0823832744702322,15.0,3684,3698
4133,2022-04-12,2022,False,True,0.8230022774473268,0.0479804054054053,True,3691,0.047980405405405394,2.0,3692,3693
1453,2022-04-12,2022,False,True,0.6216993511160056,0.4418993243243241,True,3691,0.6209533783783783,12.0,3692,3703
1506,2022-04-14,2022,False,False,0.7934719366621326,-0.1979011904761904,True,3693,-0.10266309523809512,15.0,3694,3708
6492,2022-04-19,2022,False,True,0.7328673509025728,-0.2000175925925925,True,3696,-0.24538796296296303,15.0,3697,3711
8409,2022-04-19,2022,False,True,0.657948514517468,-0.1476890264026402,True,3696,-0.24834909240924094,15.0,3697,3711
4804,2022-04-21,2022,False,True,0.9024298592075282,-0.2488043103448275,True,3698,-0.36949396551724134,13.0,3699,3711
1453,2022-04-27,2022,False,True,0.8901959799416405,-0.030308295194508,True,3702,0.36786104118993124,15.0,3703,3717
8080,2022-05-10,2022,False,False,0.8581816079148612,0.251665909090909,True,3710,0.3243931818181818,15.0,3711,3725
2743,2022-05-10,2022,False,True,0.6978728145510134,-0.1113406626506024,True,3710,-0.11134066265060248,5.0,3711,3715
6113,2022-05-11,2022,False,True,0.9038374918149892,0.3121626288659795,True,3711,0.3276265463917525,15.0,3712,3726
8440,2022-05-16,2022,False,False,0.7795982798724294,0.0183325757575758,True,3714,-0.03772803030303028,15.0,3715,3729
3093,2022-05-17,2022,False,False,0.6225175327188988,0.242575,True,3715,0.19674166666666662,15.0,3716,3730
2482,2022-05-19,2022,False,True,0.8977559863697613,0.0618819306930693,True,3717,0.39851559405940584,15.0,3718,3732
2743,2022-05-30,2022,False,False,0.8634519409242267,0.070916013824885,True,3724,0.05248283410138256,15.0,3725,3739
5258,2022-06-01,2022,False,True,0.8330706613320814,0.0990731949458483,True,3726,-0.05977157039711188,15.0,3727,3741
4402,2022-06-09,2022,False,True,0.9732742017011504,-0.056007995951417,True,3731,0.00876933198380582,15.0,3732,3746
3494,2022-06-10,2022,False,True,0.7591002128073995,-0.0099033147459727,True,3732,-0.14001483890954156,15.0,3733,3747
8440,2022-06-10,2022,False,False,0.6734305131486715,-0.1405653762662807,True,3732,-0.13188230824891453,15.0,3733,3747
4911,2022-06-21,2022,False,True,0.7187228919959077,-0.1163535714285714,True,3739,-0.132425,15.0,3740,3754
6649,2022-06-22,2022,False,False,0.8896314265201225,-0.2372757462686566,True,3740,-0.08055932835820899,15.0,3741,3755
3675,2022-07-01,2022,False,True,0.7727036650179246,-0.0915371495327102,True,3747,-0.09153714953271029,2.0,3748,3749
4979,2022-07-04,2022,False,False,0.8029350155027946,0.0531810606060605,True,3748,0.14409015151515162,15.0,3749,3763
3675,2022-07-04,2022,False,True,0.7471740422079473,0.0449310209424083,True,3748,0.1417896596858639,15.0,3749,3763
3228,2022-07-06,2022,False,False,0.7812651243996532,0.3763703091684434,True,3750,0.4637903518123667,15.0,3751,3765
8097,2022-07-19,2022,False,True,0.6641164657625319,-0.0520900124069478,True,3759,-0.02851681141439187,15.0,3760,3774
6133,2022-07-20,2022,False,True,0.6797448851597857,0.4274862426035504,True,3760,0.25588860946745573,15.0,3761,3775
2305,2022-07-22,2022,False,True,0.834943690638019,0.0140342274678111,True,3762,0.014034227467811147,2.0,3763,3764
6796,2022-07-22,2022,False,False,0.6352462356173805,0.0223622340425531,True,3762,-0.03295691489361706,15.0,3763,3777
2364,2022-07-25,2022,False,True,0.7958068991406322,0.056140891472868,True,3763,0.308854069767442,15.0,3764,3778
2305,2022-07-26,2022,False,True,0.8607201913283788,0.1235521309771308,True,3764,0.015444022869022925,15.0,3765,3779
8097,2022-08-08,2022,False,True,0.6402102422756271,-0.0408822490706319,True,3773,-0.04088224907063197,2.0,3774,3775
8097,2022-08-09,2022,False,True,0.6194868078562693,0.0853323062261752,True,3774,0.08914425031766184,15.0,3775,3789
2364,2022-08-17,2022,False,True,0.8472475153622595,0.4755018292682926,True,3780,-0.041571341463414666,15.0,3781,3795
1539,2022-08-19,2022,False,True,0.8990588079979913,-0.0882760638297871,True,3782,-0.22019095744680847,15.0,3783,3797
6461,2022-08-22,2022,False,True,0.8684211765464243,-0.0039080011723329,True,3783,-0.14458795427901525,15.0,3784,3798
2230,2022-08-22,2022,False,True,0.8031129617608529,0.1244243150684931,True,3783,0.0987393835616437,15.0,3784,3798
1524,2022-08-29,2022,False,False,0.6764668306907186,-0.0567447278911564,True,3788,-0.06524812925170063,15.0,3789,3803
2364,2022-09-08,2022,False,True,0.931473164467226,-0.222653426395939,True,3796,-0.04092753807106596,15.0,3797,3811
2305,2022-09-13,2022,False,False,0.7868960727870201,-0.1650756955177743,True,3798,-0.13880057959814526,15.0,3799,3813
4768,2022-09-13,2022,False,False,0.605251954535914,-0.0098059523809523,True,3798,-0.06218690476190479,15.0,3799,3813
2743,2022-09-16,2022,False,False,0.7724702118741463,-0.2124882911392404,True,3801,-0.19096930379746832,15.0,3802,3816
3046,2022-09-21,2022,False,False,0.7278381050647583,0.2749025862068965,True,3804,0.20162672413793106,15.0,3805,3819
2364,2022-10-04,2022,False,True,0.9642373817034312,-0.3911856837606838,True,3813,-0.19118568376068376,15.0,3814,3828
3228,2022-10-06,2022,False,True,0.6480051806243375,-0.1278331632653061,True,3815,-0.1278331632653061,3.0,3816,3818
3686,2022-10-13,2022,False,True,0.7795032910015285,-0.0637020562770562,True,3819,-0.07236006493506496,15.0,3820,3834
3272,2022-11-02,2022,False,True,0.8258818719821829,-0.0037753649635034,True,3833,-0.14976076642335764,15.0,3834,3848
3228,2022-11-03,2022,False,True,0.7446226734570105,0.2848826923076923,True,3834,0.28488269230769236,15.0,3835,3849
2468,2022-11-07,2022,False,False,0.6565767959171107,0.0542416666666667,True,3836,0.005908333333333197,15.0,3837,3851
1810,2022-11-25,2022,False,True,0.8871413362928877,0.0909792553191488,True,3850,0.12555372340425522,15.0,3851,3865
4979,2022-12-01,2022,False,True,0.781950078037993,0.0310365384615385,True,3854,-0.1785788461538461,15.0,3855,3869
3693,2022-12-13,2022,False,True,0.6012225248057873,0.0151994343891401,True,3862,0.033298981900452565,15.0,3863,3877
4167,2022-12-16,2022,False,False,0.6476999159950201,-0.0889064814814814,True,3865,-0.17038796296296285,15.0,3866,3880
5340,2023-01-09,2023,False,False,0.9389034324844938,0.1336006410256409,True,3880,0.2694980769230768,15.0,3881,3895
3228,2023-02-03,2023,False,False,0.6026548862642844,-0.0203115979381442,True,3891,0.0003069587628865703,15.0,3892,3906
6874,2023-02-16,2023,False,True,0.7625237730336205,0.5690296684709064,True,3900,0.5419660690121786,15.0,3901,3915
4979,2023-02-21,2023,False,False,0.6144907181165472,0.0066030561122245,True,3903,-0.12265546092184364,15.0,3904,3918
2719,2023-02-22,2023,False,False,0.7414820059090771,-0.2493604838709677,True,3904,-0.29613467741935484,15.0,3905,3919
5210,2023-02-23,2023,False,False,0.6527708971011791,-0.2387334112149532,True,3905,-0.20368668224299066,15.0,3906,3920
6791,2023-02-24,2023,False,False,0.6707550919935351,-0.0463860389610389,True,3906,0.05621136363636371,15.0,3907,3921
7402,2023-03-10,2023,False,False,0.6993393554256345,0.1354321428571428,True,3914,0.06686071428571429,15.0,3915,3929
6291,2023-03-15,2023,False,True,0.932390505416056,-0.0540916666666666,True,3917,-0.007425,15.0,3918,3932
8033,2023-03-17,2023,False,True,0.6200507226304274,-0.0124840219224282,True,3919,-0.012484021922428243,5.0,3920,3924
6874,2023-03-23,2023,False,True,0.9454654282495976,-0.081499074074074,True,3923,-0.18952376543209878,15.0,3924,3938
6751,2023-03-23,2023,False,False,0.8122501333638673,0.1162309139784945,True,3923,0.31515564516129024,15.0,3924,3938
6160,2023-03-24,2023,False,True,0.9529223448466384,0.0258499562171628,True,3924,0.1624524080560419,15.0,3925,3939
2482,2023-03-30,2023,False,True,0.7707737350529745,0.024833064516129,True,3928,0.024833064516129003,2.0,3929,3930
2482,2023-03-31,2023,False,True,0.6716168881999616,0.1383753169572106,True,3929,0.022685935023771822,15.0,3930,3944
3664,2023-04-10,2023,False,True,0.8466938015158204,-0.0215095070422535,True,3932,0.14574401408450702,15.0,3933,3947
3308,2023-04-17,2023,False,True,0.785243711153105,0.0069290669856458,True,3937,0.18236766347687386,15.0,3938,3952
8033,2023-04-17,2023,False,True,0.7699102754224123,-0.049925,True,3937,-0.049925000000000094,2.0,3938,3939
8222,2023-04-18,2023,False,False,0.7794147731272107,0.1212199399656945,True,3938,-0.021147126929674007,15.0,3939,3953
8033,2023-04-18,2023,False,True,0.6977909113489599,0.0297102785145888,True,3938,-0.041907758620689725,15.0,3939,3953
6874,2023-04-25,2023,False,True,0.9493121985374984,-0.1616538557213929,True,3943,-0.10692748756218905,15.0,3944,3958
2453,2023-04-28,2023,False,False,0.9078939735838184,-0.1144710704607044,True,3946,-0.07924071815718157,15.0,3947,3961
3308,2023-05-08,2023,False,False,0.6344312032484395,-0.1061904320987654,True,3951,-0.15557314814814813,15.0,3952,3966
8033,2023-05-09,2023,False,True,0.6578252303498386,-0.0031208393113344,True,3952,-0.00312083931133443,2.0,3953,3954
6276,2023-05-10,2023,False,True,0.9343201516503408,0.1524496081504703,True,3953,0.2402239028213167,15.0,3954,3968
8033,2023-05-10,2023,False,True,0.6649105834000207,-0.0796472222222223,True,3953,-0.029647222222222144,15.0,3954,3968
2745,2023-05-17,2023,False,True,0.966382469868434,0.1411201761102603,True,3958,0.5009976646248087,15.0,3959,3973
6697,2023-05-22,2023,False,True,0.911197716637157,0.102975,True,3961,0.12377499999999998,15.0,3962,3976
5301,2023-05-26,2023,False,True,0.8414469773705339,0.2586814425770307,True,3965,0.12142654061624626,15.0,3966,3980
4543,2023-06-02,2023,False,False,0.8045592699163989,0.2259083333333334,True,3970,0.11218284313725492,15.0,3971,3985
5386,2023-06-02,2023,False,False,0.7416266412630156,0.1971204545454546,True,3970,0.055075,15.0,3971,3985
3058,2023-06-06,2023,False,False,0.8543333651596257,0.0153022727272727,True,3972,-0.0546277972027973,15.0,3973,3987
2743,2023-06-09,2023,False,True,0.7477663128073866,0.0202673076923076,True,3975,0.02026730769230768,2.0,3976,3977
6577,2023-06-12,2023,False,True,0.8333124034023274,0.0050749999999999,True,3976,-0.0615916666666667,15.0,3977,3991
6235,2023-06-15,2023,False,True,0.9585041896585588,0.0204387770897833,True,3979,-0.029096826625387026,15.0,3980,3994
6276,2023-06-27,2023,False,False,0.7779116819031414,-0.0500213488843812,True,3985,0.031114553752535704,15.0,3986,4000
8996,2023-06-27,2023,False,True,0.7571510725769088,0.1810734025559104,True,3985,0.18107340255591045,4.0,3986,3989
3089,2023-06-28,2023,False,True,0.7546139723785423,-0.141074289099526,True,3986,-0.2396524881516587,15.0,3987,4001
8996,2023-07-03,2023,False,True,0.7079240939682305,-0.1022866600790513,True,3989,0.10061189064558619,15.0,3990,4004
2230,2023-07-04,2023,False,True,0.9552929053023776,-0.132425,True,3990,-0.2027375,15.0,3991,4005
8093,2023-07-10,2023,False,False,0.7965271670704138,-0.0054756822612085,True,3994,-0.08149907407407407,15.0,3995,4009
2388,2023-07-17,2023,False,False,0.7418739462780388,0.0039818441064638,True,3999,-0.20514363117870724,15.0,4000,4014
6569,2023-07-18,2023,False,True,0.873332271878404,0.0616994239631336,True,4000,0.06169942396313367,2.0,4001,4002
6442,2023-07-19,2023,False,True,0.8733683994616694,-0.1618553797468354,True,4001,-0.25679208860759495,15.0,4002,4016
8996,2023-07-21,2023,False,True,0.9820032160427672,-0.2255650688863375,True,4003,-0.35874532146957516,15.0,4004,4018
6811,2023-07-24,2023,False,True,0.7534389313043662,-0.1844520270270269,True,4004,-0.2560736486486487,15.0,4005,4019
4979,2023-07-28,2023,False,True,0.6709888715099193,-0.1580422839506172,True,4008,-0.15804228395061723,2.0,4009,4010
6231,2023-07-31,2023,False,False,0.8994312166592192,-0.2602985632183908,True,4009,-0.15397672413793104,15.0,4010,4024
3693,2023-08-09,2023,False,False,0.8859240504949413,0.105075,True,4015,0.14257499999999992,15.0,4016,4030
6418,2023-08-11,2023,False,False,0.6368473393686491,0.1739909292035397,True,4017,0.08107057522123885,15.0,4018,4032
3043,2023-08-17,2023,False,True,0.7216348534581553,0.2560365384615384,True,4021,0.10411346153846159,15.0,4022,4036
6117,2023-08-23,2023,False,True,0.7453971400177744,0.0097707671957674,True,4025,-0.15954140211640208,15.0,4026,4040
4979,2023-08-25,2023,False,True,0.715225766108471,0.0315360389610388,True,4027,0.03153603896103886,2.0,4028,4029
4979,2023-08-29,2023,False,True,0.6344437640536599,0.0018917701863354,True,4029,-0.21239394409937892,15.0,4030,4044
4542,2023-09-04,2023,False,True,0.9086919380524648,0.1267812193126021,True,4033,0.02367156301145658,15.0,4034,4048
2358,2023-09-07,2023,False,True,0.685590629451751,-0.0112860038610037,True,4036,-0.13483812741312726,15.0,4037,4051
3709,2023-09-15,2023,False,False,0.6826507597986541,0.0792623065015481,True,4042,-0.03528877708978327,15.0,4043,4057
8227,2023-09-15,2023,False,True,0.6329276425117726,-0.0533709459459459,True,4042,0.008791216216216272,15.0,4043,4057
4979,2023-09-20,2023,False,False,0.703403597837981,0.0831261811023622,True,4045,0.22485846456692918,15.0,4046,4060
5432,2023-10-03,2023,False,False,0.6729648804121844,-0.1451341377091377,True,4053,-0.12454211711711725,15.0,4054,4068
2417,2023-10-05,2023,False,True,0.6782486240985265,-0.1646302401746725,True,4055,0.03769872634643369,15.0,4056,4070
8227,2023-10-06,2023,False,True,0.7604631262089501,0.0909792553191488,True,4056,0.09097925531914887,2.0,4057,4058
8227,2023-10-12,2023,False,True,0.8230293093074317,-0.0146365384615384,True,4058,0.009401923076923127,15.0,4059,4073
6419,2023-10-17,2023,False,True,0.8683504204942749,0.1369048969072164,True,4061,0.16611451890034348,15.0,4062,4076
2363,2023-10-17,2023,False,False,0.779624008258194,-0.1003211748633879,True,4061,-0.04567636612021862,15.0,4062,4076
6593,2023-10-26,2023,False,True,0.8381031553092839,0.2815658256880733,True,4068,0.22193279816513758,15.0,4069,4083
4979,2023-10-27,2023,False,True,0.6911074529897766,0.0881164012738853,True,4069,0.011683280254777065,15.0,4070,4084
8227,2023-11-01,2023,False,True,0.8307959855507008,0.072575,True,4072,0.397575,15.0,4073,4087
1449,2023-11-07,2023,False,True,0.8471357885673317,0.1660443877551019,True,4076,0.2731872448979591,15.0,4077,4091
6643,2023-11-09,2023,False,True,0.7238568898159036,-0.0597863963039014,True,4078,-0.059786396303901465,2.0,4079,4080
6643,2023-11-10,2023,False,True,0.6334697498409314,-0.0021395877378436,True,4079,0.04331495771670181,15.0,4080,4094
6122,2023-11-15,2023,False,False,0.7428678784417649,0.069045588235294,True,4082,-0.022130882352941125,15.0,4083,4097
2543,2023-11-20,2023,False,False,0.8360744388020316,-0.0294838235294118,True,4085,-0.12507205882352943,15.0,4086,4100
8467,2023-11-21,2023,False,True,0.9806249242596952,0.0921918582375478,True,4086,-0.05340201149425293,15.0,4087,4101
3362,2023-11-27,2023,False,True,0.6304328290972705,0.0007717213114753,True,4090,-0.10032117486338797,15.0,4091,4105
5432,2023-11-30,2023,False,True,0.9458604231481446,0.1016659090909091,True,4093,0.07893863636363642,11.0,4094,4104
5210,2023-12-05,2023,False,True,0.862933825042117,0.40005531496063,True,4096,0.15989783464566923,15.0,4097,4111
6222,2023-12-08,2023,False,True,0.7671935808996875,0.1520344594594594,True,4099,-0.1290466216216216,15.0,4100,4114
6643,2023-12-12,2023,False,True,0.8334094409935289,-0.007425,True,4101,-0.007425,2.0,4102,4103
6643,2023-12-13,2023,False,True,0.8123141459545615,-0.1260690677966101,True,4102,-0.10911991525423724,15.0,4103,4117
2230,2023-12-14,2023,False,False,0.7886706605970409,-0.0194010479041916,True,4103,-0.010419011976047873,15.0,4104,4118
3623,2023-12-18,2023,False,True,0.8235955926700615,-0.0617107142857142,True,4105,-0.19885357142857138,15.0,4106,4120
8054,2023-12-25,2023,False,True,0.752083244596561,0.0646088983050847,True,4110,0.06460889830508477,7.0,4111,4117
8054,2024-01-03,2024,False,True,0.8608858661547053,0.0820691634241244,True,4116,0.1521080739299612,15.0,4117,4131
3086,2024-01-08,2024,False,True,0.8377154073670142,-0.0749096625766871,True,4119,-0.16079923312883435,15.0,4120,4134
8227,2024-01-09,2024,False,True,0.6135613156274405,0.160996052631579,True,4120,0.16099605263157904,2.0,4121,4122
4956,2024-01-10,2024,False,False,0.8612674785297462,-0.0504577868852458,True,4121,-0.12422827868852447,15.0,4122,4136
8467,2024-01-10,2024,False,True,0.8579950909506138,-0.0159964285714285,True,4121,-0.03885357142857147,15.0,4122,4136
8227,2024-01-10,2024,False,True,0.7217541946555966,0.1138864754098361,True,4121,0.353230737704918,15.0,4122,4136
3354,2024-01-25,2024,False,False,0.6934913011017884,-0.0194010479041916,True,4132,0.25205603792415165,15.0,4133,4147
6643,2024-01-26,2024,False,True,0.8912805442485443,0.1761815573770491,True,4133,0.17618155737704913,5.0,4134,4138
6462,2024-01-30,2024,False,True,0.8563772060043714,0.1450140243902438,True,4135,0.3502985772357723,15.0,4136,4150
3360,2024-01-30,2024,False,True,0.845637657480251,-0.036480690072639,True,4135,0.009524152542373057,15.0,4136,4150
8227,2024-01-30,2024,False,True,0.7688769325368445,-0.0062359393579072,True,4135,-0.006235939357907213,2.0,4136,4137
8227,2024-01-31,2024,False,True,0.9146638936954647,-0.1906585329341316,True,4136,-0.08167649700598799,15.0,4137,4151
8089,2024-02-01,2024,False,True,0.9001030692187842,0.1081242154065622,True,4137,0.10812421540656227,5.0,4138,4142
8089,2024-02-16,2024,False,True,0.8160551979979257,0.136127311435523,True,4141,-0.13394568126520687,15.0,4142,4156
4588,2024-02-23,2024,False,True,0.8359045045491286,-0.0084351010101009,True,4146,0.05318106060606055,15.0,4147,4161
8092,2024-02-29,2024,False,True,0.705869268467479,0.1660443877551021,True,4149,0.16604438775510214,3.0,4150,4152
4303,2024-03-01,2024,False,True,0.6631040510599833,0.1606422268907563,True,4150,0.16064222689075638,2.0,4151,4152
4303,2024-03-04,2024,False,True,0.838591043260084,-0.1439634615384616,True,4151,-0.12569423076923078,15.0,4152,4166
6535,2024-03-04,2024,False,True,0.7114681126657839,-0.0988228494623656,True,4151,-0.055812096774193506,15.0,4152,4166
5314,2024-03-05,2024,False,True,0.9911809730871628,0.1602050578034682,True,4152,0.3914189306358382,15.0,4153,4167
8227,2024-03-08,2024,False,True,0.8655715056536439,0.016465784982935,True,4155,0.016465784982935064,2.0,4156,4157
8040,2024-03-11,2024,False,True,0.7347291204766729,0.0502437116564418,True,4156,0.05024371165644183,2.0,4157,4158
4994,2024-03-12,2024,False,True,0.730404686642579,0.0173683884297519,True,4157,0.01323615702479343,15.0,4158,4172
6230,2024-03-15,2024,False,True,0.9366696706991836,-0.1190529069767441,True,4160,-0.1399831395348837,15.0,4161,4175
6640,2024-03-22,2024,False,True,0.6986069144755171,0.0063422090112641,True,4165,0.14401429912390487,15.0,4166,4180
3228,2024-03-26,2024,False,True,0.7036307363172211,-0.1012878158844765,True,4167,-0.16807481949458478,15.0,4168,4182
1616,2024-03-27,2024,False,True,0.9421629799187372,-0.0182241360691144,True,4168,0.21287737580993518,15.0,4169,4183
4909,2024-04-01,2024,False,True,0.6385376230686102,-0.0305871349446122,True,4171,-0.1866797834843907,15.0,4172,4186
6207,2024-04-09,2024,False,True,0.93931816257505,-0.0311538135593219,True,4175,0.060371610169491566,15.0,4176,4190
6283,2024-04-16,2024,False,True,0.9619867572819872,0.0343660447761193,True,4180,0.008992910447761085,15.0,4181,4195
6643,2024-04-17,2024,False,False,0.6431850462903396,-0.0548558300395256,True,4181,-0.14181235177865611,15.0,4182,4196
4588,2024-04-18,2024,False,True,0.8830782203282794,-0.1859964285714286,True,4182,-0.2952821428571428,15.0,4183,4197
5314,2024-04-23,2024,False,True,0.826995974157544,0.0395137755102039,True,4185,-0.14415969387755098,15.0,4186,4200
6552,2024-04-30,2024,False,True,0.8710388766831682,-0.0033845959595959,True,4190,-0.03065732323232316,15.0,4191,4205
3466,2024-05-07,2024,False,True,0.6806139106670219,0.0284111774744027,True,4194,0.4601517918088738,15.0,4195,4209
8906,2024-05-08,2024,False,False,0.7315393615506391,0.0317054347826086,True,4195,0.08822717391304337,15.0,4196,4210
6419,2024-05-09,2024,False,True,0.6888959932667909,0.2504697368421051,True,4196,0.25046973684210516,4.0,4197,4200
2613,2024-05-14,2024,False,False,0.6766853834055732,0.2549512376237624,True,4199,0.22689843234323417,15.0,4200,4214
6643,2024-05-15,2024,False,False,0.8057401357501565,-0.007425,True,4200,0.010593018018018055,15.0,4201,4215
6442,2024-05-21,2024,False,True,0.6813869887199442,0.0749613636363635,True,4204,0.39314318181818186,13.0,4205,4217
3363,2024-05-27,2024,False,True,0.8461135767388095,-0.007425,True,4208,0.021986764705882247,15.0,4209,4223
8996,2024-05-28,2024,False,True,0.9664170313595856,-0.0475856425702811,True,4209,-0.06364989959839361,15.0,4210,4224
4160,2024-06-03,2024,False,False,0.9614729958277358,-0.0166463114754097,True,4213,-0.07607254098360648,15.0,4214,4228
3432,2024-06-04,2024,False,False,0.8656185208653518,0.0309025261324043,True,4214,0.013480923344947784,15.0,4215,4229
8089,2024-06-07,2024,False,True,0.7667813278251798,-0.0305731481481481,True,4217,0.1268342592592593,15.0,4218,4232
6643,2024-06-17,2024,False,True,0.8013815861625798,-0.1301015799256505,True,4222,-0.05203466542750933,15.0,4223,4237
5484,2024-06-18,2024,False,True,0.9050929402193204,0.4042469242902209,True,4223,0.6960450315457414,12.0,4224,4235
2438,2024-06-24,2024,False,True,0.8054807167778789,0.2380623646209385,True,4227,0.3463656137184117,15.0,4228,4242
6869,2024-06-26,2024,False,True,0.8820600865651786,0.1844485891647856,True,4229,0.2183086343115124,15.0,4230,4244
3686,2024-07-01,2024,False,True,0.7914369212460609,0.1260302102376598,True,4232,0.20281265996343703,15.0,4233,4247
2429,2024-07-03,2024,False,False,0.8449536292806301,-0.1942381868131868,True,4234,-0.3217107142857143,15.0,4235,4249
3492,2024-07-05,2024,False,False,0.9058141537220372,0.0796003164556962,True,4236,-0.17672879746835443,15.0,4237,4251
3363,2024-07-12,2024,False,True,0.9222312654387732,-0.1107769553072626,True,4241,-0.26999483240223465,15.0,4242,4256
3535,2024-07-16,2024,False,False,0.7573039988355055,0.0105007362355955,True,4243,-0.12650310499359793,15.0,4244,4258
3073,2024-07-22,2024,False,False,0.9254960131977364,-0.3047464285714285,True,4247,-0.35831785714285713,15.0,4248,4262
8089,2024-07-23,2024,False,False,0.6482962132363534,0.0287740950226245,True,4248,0.055923416289592756,15.0,4249,4263
6228,2024-07-29,2024,False,True,0.8798597991718091,0.0123920731707318,True,4250,-0.2208396341463413,15.0,4251,4265
6643,2024-08-06,2024,False,True,0.9449083597112709,-0.0240916666666667,True,4256,-0.02409166666666672,2.0,4257,4258
6643,2024-08-07,2024,False,True,0.9403960299591672,0.1557205399061032,True,4257,0.09938251173708924,15.0,4258,4272
6187,2024-08-07,2024,False,True,0.6977171323984717,0.4220104838709677,True,4257,0.42201048387096773,6.0,4258,4263
3230,2024-08-14,2024,False,True,0.8704363723978263,0.6541396258503402,True,4262,0.6558403061224489,15.0,4263,4277
6187,2024-08-15,2024,False,True,0.7006477516539332,0.0159909779614324,True,4263,-0.03772803030303028,15.0,4264,4278
6442,2024-08-16,2024,False,False,0.8384822009388271,0.012575,True,4264,-0.07742499999999995,15.0,4265,4279
2364,2024-08-16,2024,False,False,0.6826879044503765,-0.1557300847457627,True,4264,-0.19386567796610163,15.0,4265,4279
3550,2024-08-27,2024,False,True,0.90406883482071,-0.0348222602739724,True,4271,0.15695856164383562,15.0,4272,4286
3081,2024-09-03,2024,False,False,0.6917898856346404,0.14890923180593,True,4276,0.44540518867924517,15.0,4277,4291
1735,2024-09-04,2024,False,True,0.7532801481410368,-0.0933356529209622,True,4277,-0.1500366838487973,15.0,4278,4292
3363,2024-09-05,2024,False,False,0.7996900819899062,0.0213934438040346,True,4278,0.004102377521613813,15.0,4279,4293
2365,2024-09-05,2024,False,False,0.7647584446599164,-0.1142697412353923,True,4278,-0.10926139398998334,15.0,4279,4293
5438,2024-09-16,2024,False,True,0.8491818215129492,-0.0264364068441065,True,4285,-0.09867975285171114,15.0,4286,4300
6144,2024-09-24,2024,False,False,0.7713240370518041,-0.0239539256198346,True,4290,-0.019821694214875993,15.0,4291,4305
6706,2024-09-25,2024,False,False,0.6117445052583752,0.0731720149253731,True,4291,-0.013395149253731295,15.0,4292,4306
8937,2024-09-26,2024,False,False,0.7778115736094282,0.1044258655126497,True,4292,0.08578405459387485,15.0,4293,4307
3363,2024-09-26,2024,False,True,0.7699491696332922,0.2521169847328244,True,4292,0.2521169847328244,7.0,4293,4299
3363,2024-10-08,2024,False,True,0.7477976338377882,0.0364163361169103,True,4298,-0.13477364300626302,15.0,4299,4313
4903,2024-10-09,2024,False,False,0.6359897032097296,-0.1180365107913668,True,4299,-0.17019478417266196,15.0,4300,4314
6442,2024-10-17,2024,False,True,0.6273021201402814,0.1224600574712644,True,4304,0.18797729885057482,11.0,4305,4315
6763,2024-10-18,2024,False,True,0.8490237043400257,0.2034095534407028,True,4305,0.17559110541727677,15.0,4306,4320
6151,2024-10-22,2024,False,True,0.8526414105534885,-0.0562438976377953,True,4307,-0.17277933070866144,15.0,4308,4322
3363,2024-10-29,2024,False,True,0.8538537793602949,-0.0098346385542168,True,4312,-0.009834638554216832,2.0,4313,4314
3363,2024-10-30,2024,False,True,0.716945886775107,0.0196020270270269,True,4313,0.02943003685503688,15.0,4314,4328
3081,2024-10-30,2024,False,True,0.6984699285193212,0.0736122771474878,True,4313,0.18706446515397082,15.0,4314,4328
8032,2024-11-01,2024,False,False,0.6751790476340235,-0.0112711538461538,True,4314,0.05411346153846154,15.0,4315,4329
6781,2024-11-11,2024,False,True,0.9030045107302924,0.1131712059620595,True,4320,0.3042281165311653,15.0,4321,4335
3211,2024-11-13,2024,False,True,0.9435861942284878,0.1135941082802547,True,4322,0.4352501592356688,15.0,4323,4337
3363,2024-11-20,2024,False,True,0.615084641787018,0.0092416666666666,True,4327,0.009241666666666606,4.0,4328,4331
3081,2024-11-21,2024,False,True,0.706077328846294,-0.027722699594046,True,4328,-0.027722699594046038,2.0,4329,4330
3081,2024-11-22,2024,False,True,0.6147628150882316,-0.0018539693593315,True,4329,-0.01021051532033422,15.0,4330,4344
3597,2024-11-26,2024,False,True,0.6987429336404292,-0.1857931214421253,True,4331,-0.2749771821631879,15.0,4332,4346
3363,2024-11-26,2024,False,True,0.6441675033107508,-0.0027629953379952,True,4331,0.09513910256410264,15.0,4332,4346
3625,2024-12-05,2024,False,True,0.7271188126537886,-0.1005622549019606,True,4338,-0.07360147058823517,15.0,4339,4353
5314,2024-12-05,2024,False,True,0.6023662439299312,-0.0188833333333333,True,4338,0.242575,15.0,4339,4353
6442,2024-12-12,2024,False,True,0.6979134678604659,0.0544479096989967,True,4343,-0.05424774247491636,15.0,4344,4358
3363,2024-12-16,2024,False,True,0.8842885035433107,0.0097423819742488,True,4345,0.009742381974248829,3.0,4346,4348
6643,2024-12-17,2024,False,False,0.8352548252816259,-0.0823635749385749,True,4346,-0.14624563882063876,15.0,4347,4361
3363,2024-12-19,2024,False,True,0.8167415003403357,0.0564047872340425,True,4348,0.2968303191489361,15.0,4349,4363
2466,2024-12-25,2024,False,True,0.7164698872616526,0.1346039855072463,True,4352,-0.013222101449275478,15.0,4353,4367
2250,2024-12-25,2024,False,False,0.6487470904771916,-0.1771666974169742,True,4352,-0.06646559040590404,15.0,4353,4367
5314,2025-01-02,2025,False,True,0.7035306699801355,0.0364774390243902,True,4357,-0.004985975609756096,15.0,4358,4372
6442,2025-01-07,2025,False,True,0.8244835441587021,0.019556450252951,True,4360,-0.09511471332209108,15.0,4361,4375
8045,2025-01-09,2025,False,True,0.9559818277883496,-0.033511956521739,True,4362,0.25344456521739134,15.0,4363,4377
6104,2025-01-16,2025,False,True,0.6026706958021606,0.0342416666666667,True,4367,0.03424166666666674,4.0,4368,4371
3081,2025-01-17,2025,False,True,0.7530236954241671,0.0477258844953174,True,4368,-0.00014092091571281298,15.0,4369,4383
6558,2025-01-21,2025,False,True,0.6527857694105978,0.023825,True,4370,0.023825,2.0,4371,4372
6558,2025-01-22,2025,False,True,0.6155051352104538,-0.0233542035398229,True,4371,0.0315130530973451,15.0,4372,4386
6104,2025-01-22,2025,False,True,0.6140776221486604,0.0582466417910447,True,4371,-0.013395149253731295,15.0,4372,4386
6148,2025-02-06,2025,False,True,0.7995887618825305,0.0897972222222223,True,4375,0.06757500000000018,15.0,4376,4390
6231,2025-02-07,2025,False,False,0.6602193121940465,-0.0932718677494199,True,4376,-0.16287743619489556,15.0,4377,4391
4971,2025-02-17,2025,False,True,0.7077707490824112,0.0278691176470589,True,4382,-0.2250720588235294,15.0,4383,4397
3363,2025-02-20,2025,False,True,0.6607217624636054,-0.0679840062111801,True,4385,-0.1425181677018633,14.0,4386,4399
1569,2025-02-21,2025,False,False,0.7744970041004803,-0.0597739932885906,True,4386,-0.06514312080536909,15.0,4387,4401
3081,2025-03-04,2025,False,True,0.8356180977705886,-0.0845678571428571,True,4392,-0.02742500000000002,15.0,4393,4407
5314,2025-03-11,2025,False,True,0.7410668074922008,,True,4397,-0.9383815217391305,15.0,4398,4412
4946,2025-03-12,2025,False,True,0.8767182558727785,-0.1502821428571429,True,4398,-0.20117499999999996,15.0,4399,4413
3363,2025-03-12,2025,False,True,0.7606696243056315,0.0573232014388489,True,4398,-0.22684946043165463,15.0,4399,4413
6113,2025-03-18,2025,False,True,0.81492910024325,-0.1547386915077989,True,4402,-0.34191373483535537,15.0,4403,4417
6140,2025-03-25,2025,False,True,0.8616897097896301,-0.3453633634431455,True,4407,-0.14557590329436773,15.0,4408,4422
3081,2025-04-01,2025,False,True,0.7276302735024937,-0.1460731802426343,True,4412,-0.1634042027729636,11.0,4413,4423
5314,2025-04-01,2025,False,True,0.6762057568550435,-0.207425,True,4412,-0.20742500000000005,9.0,4413,4421
4741,2025-04-11,2025,False,False,0.979221189741442,0.0752021186440676,True,4418,0.10062584745762694,15.0,4419,4433
6517,2025-04-11,2025,False,True,0.8306842735117272,-0.0306089258114373,True,4418,-0.04451928129829995,15.0,4419,4433
2468,2025-04-16,2025,False,False,0.9257403516999216,0.1829073262839878,True,4421,0.17082273413897278,15.0,4422,4436
5201,2025-04-16,2025,False,False,0.871019149353245,0.0969926706827308,True,4421,0.1532175702811245,15.0,4422,4436
6228,2025-04-17,2025,False,False,0.7613807528852812,0.0814638888888888,True,4422,-0.04277853535353536,15.0,4423,4437
3363,2025-05-02,2025,False,True,0.7095137087521168,0.1842848445595855,True,4432,0.18428484455958552,5.0,4433,4437
4946,2025-05-05,2025,False,True,0.8326575929269918,-0.051759975369458,True,4433,0.16252573891625624,15.0,4434,4448
3073,2025-05-07,2025,False,False,0.7075848253359545,0.0797037128712872,True,4435,-0.1262368811881188,15.0,4436,4450
8033,2025-05-07,2025,False,False,0.7060754137399214,-0.062283934169279,True,4435,-0.10303628526645757,15.0,4436,4450
3363,2025-05-08,2025,False,True,0.7955838091552011,0.0428033105022831,True,4436,0.07248367579908678,15.0,4437,4451
2734,2025-05-09,2025,False,False,0.8110580641318678,-0.0809017025089604,True,4437,-0.20634973118279562,15.0,4438,4452
6560,2025-05-23,2025,False,True,0.9200493156604156,-0.1140239847715735,True,4447,-0.20031840101522844,15.0,4448,4462
6499,2025-05-27,2025,False,True,0.7402260724675341,-0.223173031496063,True,4449,0.07918917322834652,15.0,4450,4464
6593,2025-05-28,2025,False,True,0.7932047082781908,0.0206999999999999,True,4450,0.06913750000000009,15.0,4451,4465
3363,2025-05-29,2025,False,True,0.8861398708840243,0.0565408848614073,True,4451,0.056540884861407306,3.0,4452,4454
3363,2025-06-03,2025,False,True,0.8338084712158786,0.0026151606425701,True,4453,0.1532175702811245,15.0,4454,4468
6885,2025-06-06,2025,False,True,0.8646247174276833,0.2097625000000001,True,4456,0.0628875,15.0,4457,4471
3081,2025-06-13,2025,False,True,0.9415803992889208,0.073825,True,4461,-0.019924999999999957,15.0,4462,4476
6499,2025-06-18,2025,False,True,0.7123357568659288,-0.0146713768115942,True,4464,-0.06539601449275366,15.0,4465,4479
3040,2025-06-24,2025,False,True,0.6519255909997161,0.0356372009569379,True,4468,0.05318106060606055,15.0,4469,4483
6739,2025-06-24,2025,False,True,0.6205935002076717,0.025863948069241,True,4468,0.015211484687083901,15.0,4469,4483
2314,2025-06-26,2025,False,False,0.6305596193929702,-0.1544838235294117,True,4470,-0.2586855042016807,15.0,4471,4485
3081,2025-07-04,2025,False,True,0.834942917989535,0.1345308359621451,True,4476,0.13453083596214513,4.0,4477,4480
3081,2025-07-09,2025,False,True,0.6837807132607422,0.0054505364806867,True,4479,0.059813912732475064,15.0,4480,4494
6499,2025-07-09,2025,False,True,0.6582687664029484,-0.0113620078740157,True,4479,-0.011362007874015742,6.0,4480,4485
4991,2025-07-14,2025,False,True,0.7482263774416029,0.0286405737704917,True,4482,0.045034016393442636,15.0,4483,4497
5314,2025-07-14,2025,False,True,0.6747723850628614,0.0249238045007034,True,4482,0.16557078059071742,15.0,4483,4497
3363,2025-07-24,2025,False,True,0.7411312984757797,0.0097867039586918,True,4490,0.13887448364888136,15.0,4491,4505
8033,2025-07-25,2025,False,True,0.6973433545577387,0.2143698717948716,True,4491,0.21436987179487169,3.0,4492,4494
6928,2025-07-29,2025,False,True,0.943003295104584,0.0438570512820513,True,4493,0.00011647812971339686,15.0,4494,4508
3081,2025-07-29,2025,False,True,0.8002057832113824,0.0438570512820513,True,4493,0.04385705128205132,2.0,4494,4495
8045,2025-07-30,2025,False,True,0.9646939106438664,0.0212831339712917,True,4494,0.14090035885167465,15.0,4495,4509
3081,2025-08-01,2025,False,True,0.8804744238198454,0.1500653969270167,True,4496,0.18207564020486558,14.0,4497,4510
5498,2025-08-01,2025,False,False,0.6585829849176932,0.2833913265306123,True,4496,0.28849336734693853,15.0,4497,4511
3363,2025-08-13,2025,False,True,0.8305459955979968,0.1608756535947713,True,4504,0.16087565359477132,2.0,4505,4506
4989,2025-08-14,2025,False,True,0.9042782086407896,-0.15756664305949,True,4505,-0.19581026912181296,15.0,4506,4520
6418,2025-08-18,2025,False,True,0.9065096274857888,-0.0751045580110497,True,4507,0.4235142265193368,15.0,4508,4522
6733,2025-08-19,2025,False,True,0.8568869456306187,0.081437559241706,True,4508,0.034044194312796275,15.0,4509,4523
3081,2025-08-20,2025,False,True,0.8173544625962708,0.0276440754516471,True,4509,0.004264691817215797,15.0,4510,4524
8021,2025-08-21,2025,False,True,0.9506291437350348,-0.1505920281995661,True,4510,-0.0269477765726681,15.0,4511,4525
3363,2025-09-03,2025,False,True,0.927544997645842,-0.043425,True,4519,-0.04342500000000003,2.0,4520,4521
3363,2025-09-04,2025,False,True,0.9238207737699584,-0.0455721389645776,True,4520,-0.045572138964577666,15.0,4521,4535
5475,2025-09-05,2025,False,True,0.8867710193397108,0.1115983977619532,True,4521,0.11159839776195325,4.0,4522,4525
5314,2025-09-08,2025,False,True,0.9739946253455029,0.0730834745762711,True,4522,0.16206652542372882,15.0,4523,4537
3081,2025-09-09,2025,False,True,0.7735889158897873,-0.0021673764458465,True,4523,-0.0021673764458465103,7.0,4524,4530
8358,2025-09-10,2025,False,False,0.6403299168877403,-0.1333648496240601,True,4524,-0.12772575187969923,15.0,4525,4539
2208,2025-09-10,2025,False,False,0.6326638210193496,-0.1842014298093588,True,4524,-0.2396607019064125,15.0,4525,4539
8033,2025-09-17,2025,False,True,0.7823955594288977,-0.052441077170418,True,4529,-0.055656511254019256,15.0,4530,4544
6739,2025-09-24,2025,False,False,0.8948254919992948,-0.041515909090909,True,4534,-0.10742499999999998,15.0,4535,4549
6418,2025-09-26,2025,False,True,0.8905765379050938,-0.0587763513513512,True,4536,-0.16147905405405402,15.0,4537,4551
5475,2025-10-01,2025,False,True,0.6971810590770023,0.0448826923076923,True,4538,0.04488269230769239,5.0,4539,4543
3430,2025-10-01,2025,False,True,0.6119174328765644,-0.0484697761194031,True,4538,-0.017375248756219083,15.0,4539,4553
4989,2025-10-09,2025,False,True,0.972345941787874,-0.0141184404283801,True,4543,0.06084809236947787,15.0,4544,4558
3709,2025-10-09,2025,False,True,0.9397014591709544,-0.1270831196581196,True,4543,-0.19545918803418802,15.0,4544,4558
8047,2025-10-21,2025,False,False,0.853739021481708,0.0270577586206897,True,4550,-0.08903419540229883,15.0,4551,4565
8103,2025-10-21,2025,False,True,0.8174916967803791,0.0320486842105263,True,4550,0.07152236842105265,15.0,4551,4565
2344,2025-10-28,2025,False,True,0.9152513562065128,-0.0111014705882351,True,4554,-0.011101470588235171,3.0,4555,4557
2344,2025-10-30,2025,False,True,0.8358619181314164,0.1556184782608696,True,4556,0.04329963768115942,15.0,4557,4571
4991,2025-10-31,2025,False,True,0.7731498549774071,-0.0811954918032786,True,4557,-0.08119549180327866,3.0,4558,4560
5475,2025-10-31,2025,False,True,0.7703304418882849,-0.0809544117647058,True,4557,-0.15448382352941178,15.0,4558,4572
4991,2025-11-04,2025,False,True,0.8079382226839428,0.011683280254777,True,4559,0.04353041401273884,15.0,4560,4574
3060,2025-11-12,2025,False,False,0.8723023027166661,-0.1224249999999999,True,4565,-0.09242500000000008,15.0,4566,4580
8358,2025-11-12,2025,False,True,0.713961872213568,-0.0116803191489361,True,4565,-0.011680319148936177,8.0,4566,4573
8358,2025-11-21,2025,False,True,0.7928369390567602,-0.0137407894736841,True,4572,0.1231013157894736,15.0,4573,4587
6442,2025-11-25,2025,False,True,0.6520631738382431,-0.0530523764258554,True,4574,-0.05305237642585546,2.0,4575,4576
2408,2025-11-25,2025,False,True,0.651457763060288,0.0522241228070175,True,4574,0.052224122807017506,7.0,4575,4581
3081,2025-11-26,2025,False,True,0.8006497907375861,-0.0205091121495327,True,4575,-0.020509112149532757,2.0,4576,4577
6442,2025-11-26,2025,False,True,0.7490133851165398,-0.078056970260223,True,4575,-0.10407927509293678,15.0,4576,4590
3081,2025-11-27,2025,False,True,0.8818330967179504,0.0350104243542435,True,4576,0.08482592250922517,15.0,4577,4591
8033,2025-12-02,2025,False,True,0.9194880658696332,0.010756818181818,True,4579,0.07621136363636373,15.0,4580,4594
6588,2025-12-03,2025,False,False,0.9469265901393908,0.22248847342398,True,4580,0.26822394932014837,15.0,4581,4595
8358,2025-12-11,2025,False,True,0.7402599003086753,-0.0288535714285714,True,4586,-0.028853571428571465,2.0,4587,4588
4542,2025-12-12,2025,False,True,0.8301575914720253,0.2516354026845637,True,4587,0.16036023489932896,15.0,4588,4602
5521,2025-12-16,2025,False,True,0.8603510879052431,0.0257608407079645,True,4589,-0.03176128318584069,15.0,4590,4604
3081,2025-12-17,2025,False,True,0.8740747189883199,-0.0258813758389261,True,4590,-0.02588137583892612,2.0,4591,4592
3081,2025-12-18,2025,False,True,0.856078555740899,0.0174506218905472,True,4591,0.10866123548922048,15.0,4592,4606
4931,2025-12-22,2025,False,True,0.7075130558852969,-0.0585002688172042,True,4593,-0.17946801075268812,15.0,4594,4608
8996,2025-12-23,2025,False,True,0.8969260417653252,0.0066100877192982,True,4594,0.30134692982456146,14.0,4595,4608
2344,2026-01-05,2026,False,True,0.9424626693752612,0.1042660229645093,True,4601,0.10426602296450939,2.0,4602,4603
3163,2026-01-06,2026,False,True,0.840927576219511,-0.045985411311054,True,4602,-0.045985411311054034,2.0,4603,4604
2344,2026-01-07,2026,False,True,0.8514564361591586,-0.007425,True,4603,0.1963664691943128,15.0,4604,4618
2408,2026-01-07,2026,False,True,0.7931734702470957,0.0405917014613779,True,4603,0.23265850730688944,15.0,4604,4618
8043,2026-01-09,2026,False,False,0.6163178628935571,-0.0107399171270717,True,4605,-0.09582279005524862,15.0,4606,4620
6770,2026-01-13,2026,False,False,0.834790125954731,0.1661450197238659,True,4607,0.17008979289940832,15.0,4608,4622
8033,2026-01-13,2026,False,True,0.7688949126482575,-0.0041887540453073,True,4607,-0.1109848705501618,15.0,4608,4622
3081,2026-01-27,2026,False,True,0.8494027779900243,0.3290905131264916,True,4617,0.4842217780429594,15.0,4618,4632
3163,2026-01-27,2026,False,True,0.7853831005466654,0.0875923812282735,True,4617,0.08759238122827352,2.0,4618,4619
3163,2026-01-28,2026,False,True,0.9335587575613687,0.2299699579831933,True,4618,0.6900539915966386,15.0,4619,4633
3363,2026-01-29,2026,False,True,0.7375517324144312,0.1604071678321679,True,4619,0.37952138694638693,12.0,4620,4631
6442,2026-02-02,2026,False,True,0.8890774120847801,0.1677162429378531,True,4621,0.11404392655367236,15.0,4622,4636
6588,2026-02-02,2026,False,True,0.8569485116296656,0.4976401230101304,True,4621,0.22267630246020279,15.0,4622,4636
6426,2026-02-24,2026,False,True,0.9234807042378208,-0.3121125,True,4630,-0.18190416666666662,15.0,4631,4645
5386,2026-02-25,2026,False,True,0.9757303471685108,0.4482712025316455,True,4631,1.2254863924050632,15.0,4632,4646
4577,2026-02-26,2026,False,True,0.9484714492445916,0.130834833134684,True,4632,0.16420789630512503,15.0,4633,4647
6877,2026-03-04,2026,False,True,0.6841768806374923,-0.0159720085470085,True,4635,-0.024519017094017145,15.0,4636,4650
3081,2026-03-05,2026,False,True,0.8327969908302071,0.1091163533834587,True,4636,0.10911635338345872,3.0,4637,4639
4416,2026-03-10,2026,False,True,0.8190576262709147,-0.0467107142857143,True,4639,-0.03242500000000002,15.0,4640,4654
3363,2026-03-17,2026,False,True,0.8626413648675871,0.0744080605564647,True,4644,0.07440806055646478,4.0,4645,4648
5386,2026-03-18,2026,False,True,0.9730389740177502,-0.2696357969151671,True,4645,-0.13595970437017998,15.0,4646,4660
6141,2026-03-19,2026,False,False,0.9298883527934624,-0.231499074074074,True,4646,-0.13520277777777776,15.0,4647,4661
6465,2026-03-20,2026,False,True,0.9246863475616076,-0.0152027777777777,True,4647,0.03479722222222216,15.0,4648,4662
6547,2026-03-24,2026,False,False,0.6663176155181494,0.0442991379310344,True,4649,-0.1332870689655172,15.0,4650,4664
4741,2026-03-31,2026,False,True,0.968028991323464,0.4730944805194805,True,4654,0.5899775974025974,15.0,4655,4669
3163,2026-04-09,2026,False,True,0.969351468955156,-0.064335569105691,True,4659,-0.07653069105691056,15.0,4660,4674
3455,2026-04-10,2026,False,True,0.9585935571226692,0.1453900134048258,True,4660,0.42421038873994643,15.0,4661,4675
3583,2026-04-13,2026,False,False,0.8380504826757409,0.0133794382801664,True,4661,0.09382326629680994,15.0,4662,4676
3081,2026-04-15,2026,False,False,0.9235962532843958,0.0330005319148936,True,4663,0.12448989361702135,15.0,4664,4678
6415,2026-04-22,2026,False,True,0.9107651944977224,0.025421715328467,True,4668,0.21641928223844278,15.0,4669,4683
6658,2026-04-29,2026,False,True,0.962290675892636,0.2792416666666666,True,4673,0.16257499999999994,15.0,4674,4688
3167,2026-04-30,2026,False,True,0.8079278680834218,-0.1616252301495972,True,4674,-0.05115342347525896,15.0,4675,4689
8064,2026-05-05,2026,False,True,0.960313916740814,0.0670848039215685,True,4676,0.16120245098039224,15.0,4677,4691
3581,2026-05-06,2026,False,True,0.9623428946847348,-0.0840015765765765,True,4677,0.1277101351351351,15.0,4678,4692
8069,2026-05-13,2026,False,True,0.9062162771247992,0.1400404377880184,True,4682,0.040962096774193504,15.0,4683,4697
6742,2026-05-20,2026,False,True,0.8853304993747255,0.0641282286212914,True,4687,0.03620501745200701,15.0,4688,4702
4916,2026-05-21,2026,False,True,0.9341404765787886,0.2175750000000001,True,4688,0.13757500000000003,15.0,4689,4703
4991,2026-05-25,2026,False,True,0.9445491444038914,-0.287425,True,4690,-0.367425,15.0,4691,4705
6906,2026-05-26,2026,False,True,0.9642183298817426,-0.012425,True,4691,-0.1114250000000001,15.0,4692,4706
3556,2026-06-02,2026,False,True,0.8770485594830566,-0.0207583333333333,True,4696,-0.04075833333333333,15.0,4697,4711
6127,2026-06-09,2026,False,True,0.8745393148837983,0.0154115384615383,True,4701,0.1572384615384617,15.0,4702,4716
8021,2026-06-10,2026,False,True,0.9549869362315588,-0.0206575141776937,True,4702,-0.020657514177693778,2.0,4703,4704
8027,2026-06-11,2026,False,True,0.7423578302028646,0.0217416666666665,True,4703,0.021741666666666562,3.0,4704,4706
8021,2026-06-12,2026,False,True,0.869320237487899,-0.0187886363636363,True,4704,-0.0036371212121211046,15.0,4705,4719
6173,2026-06-15,2026,False,True,0.7850788754394527,-0.0041939822294023,True,4705,-0.08981595315024236,15.0,4706,4720
3285,2026-06-16,2026,False,True,0.9207874895271,0.1027071585903083,True,4706,-0.1219624449339206,15.0,4707,4721
8358,2026-06-23,2026,False,False,0.859752240165533,-0.1798933544303797,True,4710,-0.27562120253164557,15.0,4711,4725
6127,2026-06-30,2026,False,False,0.8196526389400446,-0.2827414556962024,True,4715,-0.39033639240506324,15.0,4716,4730
6182,2026-07-03,2026,False,True,0.8349353192672988,-0.2062380563798219,True,4718,-0.24184636498516318,12.0,4719,4730
4541,2026-07-06,2026,False,False,0.7435813532392226,0.1275075337331335,True,4719,-0.06439651424287861,15.0,4720,4734
6525,2026-07-07,2026,False,False,0.9335125055375464,-0.2831259345794392,True,4720,-0.4443408878504673,15.0,4721,4735
3167,2026-07-14,2026,False,True,0.8594010987288568,-0.2067377147766322,True,4724,-0.20673771477663225,6.0,4725,4730
8033,2026-07-21,2026,False,True,0.9069207605532708,-0.1193131118881118,True,4729,-0.11931311188811188,2.0,4730,4731
3167,2026-07-22,2026,False,True,0.9039204320115964,-0.0886215811965812,True,4730,-0.050160042735042695,15.0,4731,4745
8358,2026-07-22,2026,False,False,0.873385871367741,-0.1672807692307692,True,4730,-0.0014153846153845814,15.0,4731,4745
8033,2026-07-22,2026,False,True,0.7856670102514944,-0.062425,True,4730,-0.142425,15.0,4731,4745
4991,2026-07-27,2026,False,True,0.8342100024780504,0.270075,True,4733,0.212575,15.0,4734,4748
3163,2026-07-28,2026,False,True,0.6336573581847506,0.1701612068965517,True,4734,0.1701612068965517,10.0,4735,4744
4979,2026-08-10,2026,True,True,0.8643562652363275,0.0714211538461537,True,4743,0.07142115384615379,2.0,4744,4745
4979,2026-08-11,2026,True,True,0.9265464900955778,0.1286808601134215,True,4744,0.12679050094517955,15.0,4745,4759
2454,2026-08-11,2026,True,False,0.6778275248771111,-0.0618553797468354,True,4744,0.08498006329113929,15.0,4745,4759
6834,2026-08-11,2026,True,False,0.6709686976601723,-0.1410788461538462,True,4744,-0.14300192307692303,15.0,4745,4759
6213,2026-08-11,2026,True,True,0.6479414550781625,0.1472590958605664,True,4744,0.1908320806100219,15.0,4745,4759
8033,2026-08-14,2026,True,True,0.8017855456887397,-0.0897494552058111,True,4747,-0.15512475786924937,15.0,4748,4762
3406,2026-08-31,2026,True,True,0.9689438274992952,-0.0581712686567163,True,4758,-0.060161318407960226,15.0,4759,4773
6933,2026-08-31,2026,True,True,0.923105656970148,0.0246695945945945,True,4758,0.06521013513513509,15.0,4759,4773
8358,2026-08-31,2026,True,True,0.9144216818260972,-0.0499388632162661,True,4758,-0.09892222735674681,15.0,4759,4773
4991,2026-08-31,2026,True,True,0.8844093501131535,-0.007425,True,4758,-0.007425,2.0,4759,4760
5475,2026-09-01,2026,True,False,0.8994573679368524,-0.1378597826086956,True,4759,-0.08159379795396425,15.0,4760,4774
6217,2026-09-03,2026,True,False,0.8639726362753414,-0.1928886591478696,True,4761,-0.1552946741854637,15.0,4762,4776
6683,2026-09-18,2026,True,False,0.9422514349141484,-0.0980594410876133,True,4772,-0.15244010574018127,12.0,4773,4784
8021,2026-09-18,2026,True,True,0.918588727049104,0.2081763001083423,True,4772,0.1995089111592632,12.0,4773,4784
6226,2026-09-18,2026,True,False,0.8877999117375822,-0.0758576710816776,True,4772,-0.027292549668874164,12.0,4773,4784
6218,2026-09-21,2026,True,True,0.9181693555776193,-0.1262655797101449,True,4773,-0.1958307971014492,11.0,4774,4784
4542,2026-09-23,2026,True,True,0.9031992287558234,0.009576545595054,True,4775,0.009576545595054067,9.0,4776,4784
