threshold,consec,max_hold,cagr,sharpe,mdd,avg_ret,win,n_trades,yearly_pass,yearly_total,avg_hold
0.4,False,7,0.04955543963152165,0.18561806030469627,-0.7217512458288828,0.001621484586425073,0.4724612736660929,1162,2,6,6.469018932874355
0.4,False,10,0.4083921391752532,1.1498824049395677,-0.49233312847212807,0.011744848615744364,0.47268408551068886,842,5,6,8.815914489311163
0.4,False,12,0.593167855616408,1.628677903616692,-0.3653121197980769,0.018930174015593132,0.4978601997146933,701,5,6,10.487874465049929
0.4,False,15,0.31431977497848784,1.1163563346536167,-0.3629073168434699,0.014180441332211469,0.48282097649186256,553,5,6,13.209764918625678
0.4,True,7,0.05896958479131742,0.22331638412119748,-0.5773060330951465,0.0018302056029581909,0.47731397459165154,1102,3,6,6.439201451905626
0.4,True,10,0.5047777374228748,1.4469336242182267,-0.4522124896740477,0.014479904757666808,0.4813895781637717,806,5,6,8.892059553349876
0.4,True,12,0.5996595659775821,1.8385500629129383,-0.3384546066261391,0.01958731933212288,0.5272459499263623,679,5,6,10.527245949926362
0.4,True,15,0.3732780688548363,1.3647498419296828,-0.41789790677847694,0.016587595619812077,0.46875,544,5,6,13.134191176470589
0.5,False,7,-0.053295875168251516,-0.11102226380122082,-0.7444457287371224,-0.0009577881801121261,0.4593607305936073,1095,2,6,6.442922374429224
0.5,False,10,0.41718308118509073,1.1618397528001585,-0.33946943623487724,0.012522086555772844,0.48009950248756217,804,5,6,8.911691542288557
0.5,False,12,0.765156895759368,1.9956517173229107,-0.36487763949941693,0.023448012961790884,0.5109170305676856,687,6,6,10.377001455604075
0.5,False,15,0.37816052777610487,1.2478888942052753,-0.5780655573731177,0.016635621622816125,0.47282608695652173,552,5,6,12.93840579710145
0.5,True,7,-0.010639032625773037,0.01873820954525544,-0.639262184253318,0.00017297544181420508,0.46601941747572817,1030,4,6,6.4310679611650485
0.5,True,10,0.5601398022371933,1.6753097333360478,-0.3012791207041146,0.016466381329938246,0.4915254237288136,767,6,6,8.921773142112125
0.5,True,12,0.6558660724233947,2.0020843977998433,-0.3644363858371519,0.021921050937415868,0.5292307692307693,650,6,6,10.543076923076923
0.5,True,15,0.3343027377672243,1.305804574920146,-0.38697228067378425,0.01536093259676152,0.4756554307116105,534,5,6,13.043071161048688
0.55,False,7,-0.056916663136323264,-0.11973708443069057,-0.7343188099435856,-0.0010876806523901152,0.4553231939163498,1052,2,6,6.462927756653992
0.55,False,10,0.4663495091489458,1.2921916451487039,-0.4020933681962844,0.014085101157384849,0.47759282970550576,781,4,6,8.959026888604354
0.55,False,12,0.8333332351427054,2.100331994263643,-0.34675919123511445,0.025435996349770795,0.5170370370370371,675,6,6,10.374814814814815
0.55,False,15,0.4581673446491046,1.494821871452185,-0.4706815754632118,0.019518591863958778,0.47454545454545455,550,5,6,12.92909090909091
0.55,True,7,0.05084320062111303,0.19721505528713779,-0.48014531391341186,0.0018482910496844269,0.47416413373860183,987,4,6,6.432624113475177
0.55,True,10,0.6577024237939952,1.9479999861562884,-0.34652018071233576,0.019113019808230956,0.4959893048128342,748,6,6,8.871657754010695
0.55,True,12,0.7326607732039874,2.22057774970346,-0.3041639382753018,0.024557796401055695,0.5277337559429477,631,6,6,10.667194928684628
0.55,True,15,0.2626900199181179,0.9874472676138775,-0.5944562592911756,0.012681452445410388,0.4669187145557656,529,3,6,13.017013232514177
0.6,False,7,0.04764031280132364,0.18539313504489485,-0.5799928470937105,0.0017514750569525448,0.4708209693372898,1011,3,6,6.388724035608309
0.6,False,10,0.40122135090450484,1.235581599370217,-0.37570712187238303,0.012823887273116914,0.4821192052980132,755,5,6,8.862251655629139
0.6,False,12,0.7327074785171692,2.0228269710524387,-0.3110010445770891,0.02412729084861519,0.5100775193798449,645,6,6,10.48062015503876
0.6,False,15,0.24044208386375798,0.8858220792532207,-0.4909084523830967,0.011445691778232991,0.47889908256880737,545,3,6,12.774311926605504
0.6,True,7,0.14762204231737885,0.49296551158876156,-0.42608558474016456,0.004452180667642691,0.4814422057264051,943,5,6,6.383881230116649
0.6,True,10,0.5758348754000162,1.8177620979575668,-0.32548587825188424,0.01782900559989608,0.4930747922437673,722,6,6,8.853185595567867
0.6,True,12,0.680200038902544,2.1675595252408004,-0.3362154987624606,0.02382237520566436,0.5309446254071661,614,6,6,10.615635179153095
0.6,True,15,0.29386732003648186,1.0680983118221878,-0.458958353693891,0.014219172482187712,0.47884615384615387,520,3,6,13.00576923076923
