horizon,quintile,n,mean_short_net,median_short_net,short_win_rate
3,1,318,0.003944079958294517,0.0075800802139037,0.5440251572327044
3,2,317,0.012948818412790325,0.0218668604651163,0.5930599369085173
3,3,318,0.015905409838177207,0.028937012012011952,0.6289308176100629
3,4,319,0.019975796610980055,0.0272263029315961,0.6144200626959248
3,5,316,0.01838266014044218,0.03388526986506755,0.6360759493670886
5,1,317,-0.010351971217367797,0.004425,0.5110410094637224
5,2,317,0.011487074184419747,0.0296615930599368,0.5772870662460567
5,3,317,0.012183895686633249,0.0215923819742489,0.5899053627760252
5,4,318,0.016808405806134623,0.0260664169544391,0.610062893081761
5,5,316,0.014431172373756481,0.03783401875138305,0.6107594936708861
10,1,313,-0.020046242047038004,-0.0010619684499314,0.4984025559105431
10,2,313,-0.006710746674768126,0.004425,0.5175718849840255
10,3,313,-0.0027627556407893382,0.0224555131761442,0.5623003194888179
10,4,315,-0.02489531928813308,0.0054351010101009,0.5206349206349207
10,5,311,-0.015045958249197586,0.0226779335071708,0.5434083601286174
