horizon,momentum_quintile,n,mean_short_net,median_short_net,short_win_rate,mean_ret5
3,1,316,-0.001190457363966023,0.009697424017790949,0.5443037974683544,0.24059677414087877
3,2,315,0.009125134712077662,0.0137014378478664,0.5492063492063493,0.3067217952340305
3,3,316,0.020584944035906654,0.03006602564102555,0.6360759493670886,0.3663892301459049
3,4,315,0.027455790221784328,0.0358386125654449,0.6761904761904762,0.4298136557827052
3,5,316,0.012558744965980138,0.0232772654665666,0.6075949367088608,0.5297197269255333
5,1,315,-0.01136465688182959,0.0110329295154184,0.5365079365079365,0.24051191712966483
5,2,315,0.009379394109018668,0.0229435185185184,0.5650793650793651,0.3067217952340305
5,3,315,0.011137163900001185,0.0171234126984126,0.5650793650793651,0.36629302384517437
5,4,315,0.01614881913560669,0.0303990259740259,0.6,0.4298288871208234
5,5,315,0.01627378091712955,0.0304412601626016,0.6253968253968254,0.5295964189991084
10,1,311,-0.013810463761938596,0.0301071829855538,0.5530546623794212,0.2405268753531955
10,2,311,-0.012922344147452417,0.0097869302949061,0.5337620578778135,0.3069117064492764
10,3,311,-0.009261442289520914,-0.0029550738007379,0.4855305466237942,0.366647418344325
10,4,311,-0.0233464311961509,0.004425,0.5144694533762058,0.4301086085118423
10,5,311,-0.013394813150942762,0.0122027777777777,0.5466237942122186,0.5297606934950034
